MidDate,Firm,Brand,@TPP,LNP FP,ALP FP,GRN FP,ONP FP,SFF FP,DEM FP,OTH FP,GLApp,GLDis,Comments
1985-12-01,Newspoll,,#N/A,44,46,#N/A,#N/A,#N/A,8,2,49,47,
1986-02-01,Newspoll,,#N/A,44,47,#N/A,#N/A,#N/A,7,2,48,44,
1986-04-01,Newspoll,,#N/A,43,52,#N/A,#N/A,#N/A,3,2,49,44,
1986-06-01,Newspoll,,#N/A,47,45,#N/A,#N/A,#N/A,6,2,48,45,
1986-08-01,Newspoll,,#N/A,46,44,#N/A,#N/A,#N/A,8,2,35,20,
1986-10-01,Newspoll,,#N/A,48,41,#N/A,#N/A,#N/A,9,2,38,36,
1986-12-01,Newspoll,,#N/A,50,41,#N/A,#N/A,#N/A,6,3,40,36,
1987-02-01,Newspoll,,#N/A,45,46,#N/A,#N/A,#N/A,5,4,51,32,
1987-04-01,Newspoll,,#N/A,42,50,#N/A,#N/A,#N/A,5,3,58,29,
1987-07-01,Newspoll,,#N/A,42,48,#N/A,#N/A,#N/A,8,2,55,32,
1987-10-01,Newspoll,,#N/A,47,41,#N/A,#N/A,#N/A,8,4,47,40,
1987-11-01,Newspoll,,#N/A,48,39,#N/A,#N/A,#N/A,9,4,46,45,
1987-12-01,Newspoll,,#N/A,45,42,#N/A,#N/A,#N/A,10,3,51,43,
1988-02-20,Newspoll,,#N/A,51,36,#N/A,#N/A,#N/A,8,5,38,51,
1988-03-16,Newspoll,,#N/A,49,36,#N/A,#N/A,#N/A,6,9,43,51,
1988-03-17,Newspoll,,#N/A,46,39,#N/A,#N/A,#N/A,6,9,43,48,
1988-04-01,Newspoll,,#N/A,52,33,#N/A,#N/A,#N/A,8,7,56,18,
1988-06-01,Newspoll,,#N/A,49,37,#N/A,#N/A,#N/A,8,6,52,35,
1988-08-01,Newspoll,,#N/A,50,39,#N/A,#N/A,#N/A,7,4,44,45,
1988-10-01,Newspoll,,#N/A,48,41,#N/A,#N/A,#N/A,7,4,48,43,
1988-12-01,Newspoll,,#N/A,44,44,#N/A,#N/A,#N/A,6,6,44,47,
1989-02-01,Newspoll,,#N/A,43,44,#N/A,#N/A,#N/A,7,6,45,46,
1989-04-01,Newspoll,,#N/A,44,42,#N/A,#N/A,#N/A,7,7,44,47,
1989-06-01,Newspoll,,#N/A,45,39,#N/A,#N/A,#N/A,7,9,44,46,
1989-08-01,Newspoll,,#N/A,43,42,#N/A,#N/A,#N/A,7,8,36,56,
1991-05-04,Newspoll,,#N/A,50,36,#N/A,#N/A,#N/A,6,8,52,39,
1991-05-23,Newspoll,,#N/A,45,37,#N/A,#N/A,#N/A,5.5,12.5,48,44,
1992-02-01,Newspoll,,#N/A,42,45,#N/A,#N/A,#N/A,6,7,40,52,
1992-05-01,Newspoll,,#N/A,40,42,#N/A,#N/A,#N/A,5,13,34,57,
1992-05-23,Newspoll,,#N/A,39,45,#N/A,#N/A,#N/A,7,9,30,63,
1992-07-01,Newspoll,,#N/A,43,44,#N/A,#N/A,#N/A,5,8,44,13,#Final Greiner poll 38-55
1992-09-01,Newspoll,,#N/A,45,37,#N/A,#N/A,#N/A,7,11,61,18,
1992-11-01,Newspoll,,#N/A,46,41,#N/A,#N/A,#N/A,5,8,59,20,
1993-02-01,Newspoll,,#N/A,43,42,#N/A,#N/A,#N/A,8,7,53,28,
1993-04-01,Newspoll,,#N/A,41,48,#N/A,#N/A,#N/A,3,8,51,33,
1993-06-01,Newspoll,,#N/A,44,45,#N/A,#N/A,#N/A,5,6,56,29,
1993-08-01,Newspoll,,#N/A,45,42,#N/A,#N/A,#N/A,7,6,47,32,
1993-10-01,Newspoll,,#N/A,49,36,#N/A,#N/A,#N/A,9,6,60,28,
1993-12-01,Newspoll,,#N/A,49,38,#N/A,#N/A,#N/A,6,7,55,28,
1994-02-01,Newspoll,,#N/A,47,43,#N/A,#N/A,#N/A,5,5,65,22,
1994-04-01,Newspoll,,#N/A,46,41,#N/A,#N/A,#N/A,5,8,57,29,
1994-06-01,Newspoll,,#N/A,50,38,#N/A,#N/A,#N/A,6,6,62,26,
1994-08-01,Newspoll,,#N/A,45,41,#N/A,#N/A,#N/A,6,8,56,32,
1994-10-01,Newspoll,,#N/A,47,42,#N/A,#N/A,#N/A,6,5,61,27,
1994-12-01,Newspoll,,#N/A,45,43,#N/A,#N/A,#N/A,6,6,56,30,
1995-02-01,Newspoll,,#N/A,48,37,#N/A,#N/A,#N/A,7,8,56,31,
1995-03-11,Newspoll,,#N/A,47,38,#N/A,#N/A,#N/A,5,10,48,37,
1995-03-18,Newspoll,,#N/A,46,38,#N/A,#N/A,#N/A,3,13,47,41,
1995-03-23,Newspoll,,#N/A,43,39,#N/A,#N/A,#N/A,4,14,48,39,
1996-06-15,F2F Morgan,,47,46.5,40,2.5,#N/A,#N/A,6.5,4.5,,,
1995-08-01,Newspoll,,#N/A,41,46,#N/A,#N/A,#N/A,5,8,57,28,
1995-10-01,Newspoll,,#N/A,43,38,#N/A,#N/A,#N/A,9,10,44,44,
1995-12-01,Newspoll,,#N/A,44,40,#N/A,#N/A,#N/A,6,10,42,41,
1996-02-01,Newspoll,,#N/A,45,39,#N/A,#N/A,#N/A,9,7,39,46,
1996-04-01,Newspoll,,#N/A,51,31,#N/A,#N/A,#N/A,11,7,33,52,
1996-06-01,Newspoll,,#N/A,48,38,#N/A,#N/A,#N/A,9,5,44,44,
1996-08-01,Newspoll,,#N/A,47,36,#N/A,#N/A,#N/A,11,6,41,47,
1996-10-01,Newspoll,,#N/A,47,36,#N/A,#N/A,#N/A,11,6,41,47,
1996-12-01,Newspoll,,#N/A,43,38,#N/A,#N/A,#N/A,11,8,46,42,
1997-02-01,Newspoll,,#N/A,44,36,#N/A,#N/A,#N/A,10,10,43,43,
1997-04-01,Newspoll,,#N/A,45,36,#N/A,#N/A,#N/A,10,9,42,45,
1997-06-01,Newspoll,,#N/A,41,38,#N/A,#N/A,#N/A,10,11,38,47,
1997-08-01,Newspoll,,#N/A,41,35,#N/A,#N/A,#N/A,12,12,37,51,
1997-10-01,Newspoll,,#N/A,41,36,#N/A,#N/A,#N/A,10,13,39,50,
1997-12-01,Newspoll,,#N/A,40,40,#N/A,#N/A,#N/A,11,9,40,49,
1998-02-01,Newspoll,,#N/A,41,42,#N/A,#N/A,#N/A,#N/A,17,33,50,
1998-02-26,Morgan Phone,,50.5,43.5,41.5,3.5,2.5,#N/A,3.5,6,,,
1998-04-01,Newspoll,,#N/A,44,41,#N/A,#N/A,#N/A,#N/A,15,29,52,
1998-04-23,Morgan Phone,,50,42,39.5,2.5,6,#N/A,4.5,5.5,,,
1998-06-01,Newspoll,,#N/A,44,38,#N/A,#N/A,#N/A,#N/A,18,30,54,
1998-06-06,Nielsen,,53,38,40,3,9,#N/A,4,6,39,,
1998-07-15,F2F Morgan,,55,38,40.5,2.5,8.5,#N/A,3.5,7,,,
1998-08-01,Newspoll,,#N/A,38,41,#N/A,#N/A,#N/A,#N/A,21,34,47,
1998-08-15,F2F Morgan,,55.5,36,43,2.5,8,#N/A,3,7.5,,,
1998-08-01,Nielsen,,53,36,40,3,10,#N/A,5,6,40,49,
1998-09-16,F2F Morgan,,55,37.5,45,3,5,#N/A,3.5,6,,,
1998-10-01,Newspoll,,#N/A,42,42,2,4,#N/A,4,6,38,43,
1998-10-14,F2F Morgan,,53.5,39.5,44.5,2.5,3.5,#N/A,6,4,,,
1998-11-15,F2F Morgan,,55,38.5,45.5,2.5,3,#N/A,6,4.5,,,
1998-11-18,Newspoll,,#N/A,42,45,3,4,#N/A,4,2,41,40,
1998-12-13,F2F Morgan,,54,40,43.5,4,3.5,#N/A,4,5,,,
1998-12-14,Newspoll,,#N/A,44,42,2,5,#N/A,4,3,43,39,
1998-12-19,Nielsen,,52,#N/A,#N/A,#N/A,#N/A,#N/A,#N/A,#N/A,,,
1999-01-20,F2F Morgan,,57,47,46.5,2,4,#N/A,5,5.5,,,
1999-02-01,Newspoll,,#N/A,46,42,3,3,#N/A,3,3,44,40,
1999-02-10,F2F Morgan,,54.5,41,46.5,2.5,2.5,#N/A,4,3.5,,,
1999-02-24,F2F Morgan,,54.5,39,47,1.5,3,#N/A,4,5.5,,,
1999-03-13,Newspoll,,#N/A,39,47,2.5,3.5,#N/A,2.5,5.5,48,40,
1999-03-16,Nielsen,,55,37,43,4,5,#N/A,5,6,,,#Date estimated
1999-03-21,Morgan Phone,,60,33,48,3,4,#N/A,4,8,,,
1999-03-23,Nielsen,,56,35,44,3,6,#N/A,5,7,52,,
1999-03-25,Morgan Phone,,56,35,42.5,4.5,5.5,#N/A,3.5,9,,,
1999-03-25,Newspoll,,#N/A,38,40,2.5,5.5,#N/A,4,10,46,40,
1999-03-27,Morgan Phone,,59,32.5,42.5,5,5.5,#N/A,5,9.5,,,
1999-04-14,F2F Morgan,,61.5,30,48,3.5,5.5,#N/A,4.5,8.5,,,
1999-05-04,Nielsen,,61,30,48,4,6,#N/A,5,8,64,,#Date estimated
1999-05-15,F2F Morgan,,59.5,32.5,48,3.5,5,#N/A,4.5,6.5,,,
1999-06-15,F2F Morgan,,59.5,32,48,3.5,5,#N/A,5,6.5,,,
1999-07-04,Nielsen,,60,32,48,5,4,#N/A,4,7,65,28,#Date estimated
1999-07-15,F2F Morgan,,58.5,33.5,48,4,4.5,#N/A,4.5,5.5,,,
1999-08-01,Newspoll,,#N/A,39,46,3,3,#N/A,5,4,54,29,
1999-08-15,F2F Morgan,,59,34,47.5,3,3.5,#N/A,4.5,7.5,,,
1999-09-11,Nielsen,,61,31,50,3,4,#N/A,5,7,,,
1999-09-15,F2F Morgan,,60,32,47.5,3.5,3.5,#N/A,4.5,9,,,
1999-10-01,Newspoll,,#N/A,42,44,3,2,#N/A,3,6,56,29,
1999-10-15,F2F Morgan,,58,33.5,46.5,3.5,3.5,#N/A,5,8,,,
1999-11-15,F2F Morgan,,57.5,35.5,46,3,3.5,#N/A,5.5,6.5,,,
1999-12-01,Newspoll,,#N/A,40,47,2,2,#N/A,4,5,53,31,
1999-12-06,Nielsen,,55,35,45,4,4,#N/A,4,8,57,33,#Date in report given (impossibly) as 26th
1999-12-15,F2F Morgan,,61,31.5,49.5,4,3.5,#N/A,4.5,7,,,
2000-01-15,F2F Morgan,,61,33,50.5,3.5,2.5,#N/A,3,7.5,,,
2000-02-01,Newspoll,,#N/A,40,45,3,2,#N/A,3,7,50,33,
2000-02-15,F2F Morgan,,59.5,33.5,49,3.5,3,#N/A,3.5,7.5,,,
2000-03-05,Nielsen,,59,32,48,4,3,#N/A,4,9,,,
2000-03-15,F2F Morgan,,62,31,51,3.5,3,#N/A,4,7.5,,,
2000-04-01,Newspoll,,#N/A,41,44,3,1,#N/A,4,7,53,33,
2000-04-15,F2F Morgan,,62.5,29.5,49.5,4,3.5,#N/A,5.5,8,,,
2000-05-15,F2F Morgan,,59.5,32.5,48,2.5,4,#N/A,5,8,,,
2000-06-01,Newspoll,,#N/A,38,47,4,2,#N/A,3,6,56,29,
2000-06-15,F2F Morgan,,63,29.5,50.5,4,4,#N/A,4,8,,,
2000-07-15,F2F Morgan,,61,31.5,49.5,3.5,3.5,#N/A,4.5,7.5,,,
2000-07-29,Nielsen,,61,31,49,4,2,#N/A,5,9,69,,
2000-08-01,Newspoll,,#N/A,42,44,3,2,#N/A,3,6,51,33,
2000-08-15,F2F Morgan,,60,33,48.5,4,3,#N/A,5,6.5,,,
2000-09-15,F2F Morgan,,61,33.5,50,2.5,2.5,#N/A,4,7.5,,,
2000-10-01,Newspoll,,#N/A,38,46,3,2,#N/A,5,6,59,24,
2000-10-14,Nielsen,,60,33,50,4,3,#N/A,4,6,66,,
2000-10-15,F2F Morgan,,63,29.5,52,3.5,2.5,#N/A,4,8.5,,,
2000-11-15,F2F Morgan,,63.5,29.5,53.5,2.5,3,#N/A,5,6.5,,,
2000-12-01,Newspoll,,#N/A,42,44,3,1,#N/A,4,6,55,25,
2000-12-15,F2F Morgan,,62,33,53,3.5,2,#N/A,3.5,5,,,
2001-01-15,F2F Morgan,,61,33.5,51.5,3.5,1.5,#N/A,4,6,,,
2001-02-01,Newspoll,,#N/A,38,46,4,4,#N/A,2,6,58,26,
2001-02-15,F2F Morgan,,64,30,50.5,4,4.5,#N/A,4,7,,,
2001-03-12,Nielsen,,62,29,51,3,7,#N/A,4,6,68,,#Date estimated
2001-03-15,F2F Morgan,,65.5,27,54,3.5,4.5,#N/A,4,7,,,
2001-04-01,Newspoll,,#N/A,36,46,4,5,#N/A,4,5,54,28,
2001-04-15,F2F Morgan,,65,28.5,52,4,3.5,#N/A,5,7,,,
2001-05-15,F2F Morgan,,64,29.5,51.5,4.5,2.5,#N/A,5.5,6.5,,,
2001-06-01,Newspoll,,#N/A,34,48,3,4,#N/A,6,5,58,30,
2001-06-15,F2F Morgan,,63,30.5,52.5,3.5,2.5,#N/A,4,7,,,
2001-07-15,F2F Morgan,,58.5,34.5,48,2.5,3,#N/A,5.5,6.5,,,
2001-08-01,Newspoll,,#N/A,41,39,4,5,#N/A,5,6,48,35,
2001-08-15,F2F Morgan,,59,33,47.5,4,2.5,#N/A,6,7,,,
2001-08-22,Nielsen,,58,33,48,3,#N/A,#N/A,#N/A,16,61,,
2001-09-15,F2F Morgan,,59,34.5,48.5,3,2.5,#N/A,4.5,7,,,
2001-10-01,Newspoll,,#N/A,44,41,3,3,#N/A,4,5,55,31,
2001-10-15,F2F Morgan,,57.5,36.5,48,3,2.5,#N/A,4,5.5,,,
2001-11-15,F2F Morgan,,60,33,48.5,5,2.5,#N/A,6,5,,,
2001-12-01,Newspoll,,#N/A,44,37,6,3,#N/A,4,6,53,31,
2001-12-15,F2F Morgan,,52.5,42,42.5,6,1.5,#N/A,3.5,4.5,,,
2002-01-15,F2F Morgan,,59.5,35,49.5,4,1,#N/A,5,5.5,,,
2002-02-01,Newspoll,,#N/A,42,41,3,1,#N/A,2,11,58,26,
2002-02-15,F2F Morgan,,56,38,44,6,1.5,#N/A,5,5.5,,,
2002-03-15,F2F Morgan,,58,36,47.5,5.5,1,#N/A,4,6,,,
2002-04-01,Newspoll,,#N/A,36,41,4,2,#N/A,3,14,55,29,
2002-04-15,F2F Morgan,,55.5,39.5,46.5,5,1.5,#N/A,3,4.5,,,
2002-05-15,F2F Morgan,,59,34.5,48,6,1,#N/A,4.5,6,,,
2002-06-01,Newspoll,,#N/A,42,39,4,1,#N/A,3,11,52,31,
2002-06-15,F2F Morgan,,60.5,33,50.5,5.5,1.5,#N/A,3.5,6,,,
2002-07-15,F2F Morgan,,56.5,37.5,47,4.5,1,#N/A,3.5,6.5,,,
2002-08-01,Newspoll,,#N/A,40,41,5,1,#N/A,2,11,55,32,
2002-08-15,F2F Morgan,,60.5,33,50,7.5,1.5,#N/A,2.5,5.5,,,
2002-09-15,F2F Morgan,,58,35,47,7.5,1,#N/A,2,7.5,,,
2002-10-01,Newspoll,,#N/A,40,41,6,0.5,#N/A,2,11,60,28,
2002-10-15,F2F Morgan,,59,35,47.5,9,1,#N/A,2.5,5,,,
2002-11-15,F2F Morgan,,57.5,34,47,8.5,1.5,#N/A,2,7,,,
2002-12-01,Newspoll,,#N/A,38,41,7,1,#N/A,2,11,61,25,
2002-12-15,F2F Morgan,,60,33,49,7,1.5,#N/A,2,7.5,,,
2003-01-15,F2F Morgan,,63.5,30.5,52,7.5,1.5,#N/A,2,6.5,,,
2003-02-01,Newspoll,,#N/A,36,41,7,1,#N/A,1,14,62,26,
2003-02-15,F2F Morgan,,62,31.5,50.5,8,0.5,#N/A,2.5,7,,,
2003-02-26,Nielsen,,54,39,42,8,1,#N/A,3,7,69,,
2003-03-06,Nielsen,,58,36,44,10,#N/A,#N/A,2,8,68,,
2003-03-09,Newspoll,,#N/A,35,44,8,1,#N/A,1,11,62,26,
2003-03-13,Morgan Phone,,62,30,42,16,1,#N/A,1.5,9.5,,,
2003-03-13,Nielsen,,56,35,42,11,1,#N/A,2,9,,,
2003-03-20,Nielsen,,58,34,42,10,#N/A,#N/A,1,13,72,,#Date estimated
2003-03-20,Newspoll,,60.5,33,46,9,0.5,#N/A,1,11,66,26,
2003-08-01,Newspoll,,#N/A,38,40,5,#N/A,#N/A,#N/A,17,56,29,
2003-10-01,Newspoll,,#N/A,38,40,6,#N/A,#N/A,#N/A,16,55,33,
2003-12-01,Newspoll,,#N/A,39,39,7,#N/A,#N/A,#N/A,15,59,30,
2004-02-01,Newspoll,,54,37,41,5,#N/A,#N/A,#N/A,17,46,40,
2004-02-15,F2F Morgan,,58,36,49.5,6.5,1,#N/A,1.5,5.5,,,
2004-03-15,F2F Morgan,,55,37.5,44,8.5,1,#N/A,2,7,,,
2004-04-01,Newspoll,,53,38,37,8,#N/A,#N/A,#N/A,17,43,46,
2004-04-09,Taverner,,#N/A,40,36,14,#N/A,#N/A,#N/A,10,,,
2004-04-15,F2F Morgan,,55,37.5,43.5,10.5,0.5,#N/A,1.5,6.5,,,
2004-05-15,F2F Morgan,,54.5,37.5,42.5,9.5,1,#N/A,2,7.5,,,
2004-06-01,Newspoll,,54,39,39,7,#N/A,#N/A,#N/A,15,40,44,
2004-06-15,F2F Morgan,,51.5,41,40.5,8.5,0.5,#N/A,2,7.5,,,
2004-07-15,F2F Morgan,,55,38,44,10,1,#N/A,1.5,5.5,,,
2004-08-01,Newspoll,,51,38,38,8,#N/A,#N/A,#N/A,16,41,46,
2004-08-15,F2F Morgan,,52.5,40,41.5,8.5,0.5,#N/A,2,7.5,,,
2004-09-15,F2F Morgan,,51.5,41,40,9,0.5,#N/A,1.5,8,,,
2004-10-01,Newspoll,,48,44,34,9,#N/A,#N/A,#N/A,13,36,51,
2004-10-15,F2F Morgan,,50.5,43.5,42,7,1,#N/A,1.5,5,,,
2004-11-15,F2F Morgan,,52.5,40.5,42.5,8.5,1,#N/A,1,6.5,,,
2004-12-01,Newspoll,,46,46,35,8,#N/A,#N/A,#N/A,11,36,53,
2004-12-15,F2F Morgan,,47.5,44.5,36,9,1.5,#N/A,1.5,7.5,,,
2005-01-15,F2F Morgan,,52,41.5,42.5,6.5,1,#N/A,1.5,7,,,
2005-02-01,Newspoll,,48,44,35,8,#N/A,#N/A,#N/A,13,38,49,
2005-02-15,F2F Morgan,,51.5,42,41.5,8,0.5,#N/A,1.5,6.5,,,
2005-03-15,F2F Morgan,,49.5,43.5,39.5,9,0.5,#N/A,0.5,7,,,
2005-04-01,Newspoll,,51,41,38,8,#N/A,#N/A,#N/A,13,37,51,
2005-04-15,F2F Morgan,,52.5,40.5,42,7.5,1.5,#N/A,1.5,7,,,
2005-05-15,F2F Morgan,,51,42,41,7.5,0.5,#N/A,2,7,,,
2005-06-01,Newspoll,,49,43,37,6,#N/A,#N/A,#N/A,14,35,51,
2005-06-15,F2F Morgan,,53,39.5,42.5,8,0.5,#N/A,1,8.5,,,
2005-07-15,F2F Morgan,,53.5,39,42,7,1,#N/A,1,10,,,
2005-08-01,Newspoll,,50,43,39,5,#N/A,#N/A,#N/A,13,43,12,#Partial satisfaction rating for Carr 39/49
2005-08-15,F2F Morgan,,58,36.5,48,7.5,1,#N/A,0.5,7.5,,,
2005-09-15,F2F Morgan,,55,37,43.5,8,1,#N/A,1.5,9,,,
2005-10-01,Newspoll,,53,38,38,8,#N/A,#N/A,#N/A,16,44,16,
2005-10-15,F2F Morgan,,55.5,36.5,43.5,9,1,#N/A,1.5,8.5,,,
2005-11-15,F2F Morgan,,55,37,43,7.5,1.5,#N/A,1.5,9.5,,,
2005-12-01,Newspoll,,48,43,34,7,#N/A,#N/A,#N/A,16,42,28,
2005-12-15,F2F Morgan,,55.5,36,43.5,10.5,1,#N/A,1.5,8.5,,,
2006-01-16,F2F Morgan,,55,36.5,43,8.5,1,#N/A,0.5,9.5,,,
2006-02-01,Newspoll,,49,43,34,6,#N/A,#N/A,#N/A,17,45,32,
2006-02-15,F2F Morgan,,51,41,39,7,1.5,#N/A,1.5,10,,,
2006-03-15,F2F Morgan,,53,40.5,43,8.5,1,#N/A,1,6.5,,,
2006-04-01,Newspoll,,48,44,36,6,#N/A,#N/A,#N/A,14,46,33,
2006-04-15,F2F Morgan,,54.5,37.5,42.5,8.5,1,#N/A,2,8.5,,,
2006-05-15,F2F Morgan,,54,38.5,42.5,7,1,#N/A,2,9,,,
2006-06-01,Newspoll,,52,39,38,7,#N/A,#N/A,#N/A,16,41,36,
2006-06-15,F2F Morgan,,57,35.5,46,7,0.5,#N/A,2,9,,,
2006-07-15,F2F Morgan,,52.5,41,42.5,6.5,1,#N/A,1.5,7.5,,,
2006-07-28,Taverner,,48,#N/A,#N/A,#N/A,#N/A,#N/A,#N/A,#N/A,,,
2006-08-01,Nielsen,,51,42,40,9,1,#N/A,1,7,,,
2006-08-01,Newspoll,,55,38,41,6,#N/A,#N/A,#N/A,17,46,33,
2006-08-15,F2F Morgan,,59.5,34,49.5,6,0.5,#N/A,1.5,8.5,,,
2006-09-01,Galaxy,,46,48,35,#N/A,#N/A,#N/A,#N/A,17,,,#Date estimated
2006-09-15,F2F Morgan,,58.5,34.5,48,6.5,1,#N/A,1.5,8.5,,,
2006-10-01,Newspoll,,54,37,41,7,#N/A,#N/A,#N/A,15,44,34,
2006-10-15,F2F Morgan,,53,40,43,5.5,0.5,#N/A,1.5,9.5,,,
2006-11-15,F2F Morgan,,55,38,45.5,6.5,1,#N/A,1,8,,,
2006-11-01,Galaxy,,52,39,39,#N/A,#N/A,#N/A,#N/A,22,,,#Date estimated
2006-11-18,Nielsen,,51,41,36,11,#N/A,#N/A,3,9,52,,
2006-12-01,Newspoll,,53,37,39,7,#N/A,#N/A,#N/A,17,42,39,
2006-12-15,F2F Morgan,,59.5,34.5,50.5,6,0.5,#N/A,1,7.5,,,
2007-01-15,F2F Morgan,,58,35.5,48.5,8,1,#N/A,1,6.5,,,
2007-02-01,Newspoll,,59,33,45,7,#N/A,#N/A,#N/A,15,44,36,
2007-02-01,Taverner,,54,38,39,9,#N/A,#N/A,#N/A,14,,,
2007-02-24,Nielsen,,57,37,46,#N/A,#N/A,#N/A,#N/A,17,,,
2007-03-11,Newspoll,,56,37,42,#N/A,#N/A,#N/A,#N/A,21,47,39,
2007-03-21,Nielsen,,56,36,41,10,#N/A,#N/A,#N/A,12,,,
2007-03-21,Galaxy,,53,39,38,10,#N/A,#N/A,#N/A,12,,,
2007-03-22,Newspoll,,56.5,35,42,#N/A,#N/A,#N/A,#N/A,23,47,39,
2008-02-01,Newspoll,,50,39,34,14,#N/A,#N/A,#N/A,13,32,52,
2008-02-15,Taverner,,51,37,39,#N/A,#N/A,#N/A,#N/A,#N/A,,,
2008-02-17,Nielsen,,50,42,38,11,#N/A,#N/A,#N/A,9,34,,
2008-04-01,Newspoll,,51,38,35,14,#N/A,#N/A,#N/A,13,28,56,
2008-06-01,Newspoll,,48,41,32,13,#N/A,#N/A,#N/A,14,26,63,
2008-06-26,Taverner,,44,46.93877551,28.57142857,12.24489796,#N/A,#N/A,4.081632653,8.163265306,26,63,
2008-08-01,Newspoll,,48,40,33,13,#N/A,#N/A,#N/A,14,26,60,
2008-10-01,Newspoll,,44,42,29,11,#N/A,#N/A,#N/A,18,39,26,
2008-12-01,Newspoll,,41,43,26,14,#N/A,#N/A,#N/A,17,34,47,
2009-02-01,Newspoll,,44,42,30,15,#N/A,#N/A,#N/A,13,37,42,
2009-04-01,Newspoll,,47,40,33,13,#N/A,#N/A,#N/A,14,34,46,
2009-05-30,Taverner,,46,#N/A,#N/A,#N/A,#N/A,#N/A,#N/A,#N/A,,,
2009-06-01,Newspoll,,45,41,31,14,#N/A,#N/A,#N/A,14,30,49,
2009-08-01,Newspoll,,46,41,32,14,#N/A,#N/A,#N/A,13,33,51,
2009-10-01,Newspoll,,45,42,30,12,#N/A,#N/A,#N/A,16,31,53,
2009-11-23,Nielsen,,45,43,31,#N/A,#N/A,#N/A,#N/A,26,39,49,
2009-12-01,Newspoll,,41,44,26,17,#N/A,#N/A,#N/A,13,34,53,
2010-01-14,Galaxy,,44,43,29,15,#N/A,#N/A,#N/A,13,45,25,
2010-02-01,Newspoll,,43,42,30,12,#N/A,#N/A,#N/A,14,41,26,
2010-02-23,Morgan Phone,,48.5,43,34.5,11,#N/A,#N/A,#N/A,11.5,,,
2010-03-25,Galaxy,,43,44,29,#N/A,#N/A,#N/A,#N/A,27,53,,
2010-04-01,Newspoll,,45,42,31,14,#N/A,#N/A,#N/A,13,47,31,
2010-06-01,Newspoll,,39,46,25,16,#N/A,#N/A,#N/A,13,47,37,
2010-06-06,Morgan Phone,,42,45,28.5,16,#N/A,#N/A,#N/A,10.5,,,
2010-08-01,Newspoll,,39,46,25,14,#N/A,#N/A,#N/A,15,39,44,
2010-10-01,Essential,,42,50,29,11,#N/A,#N/A,#N/A,10,,,
2010-10-01,Newspoll,,37,46,23,17,#N/A,#N/A,#N/A,14,38,50,
2010-11-13,Morgan Phone,,35,53,22,13.5,#N/A,#N/A,#N/A,11.5,,,
2010-12-24,Newspoll,,39,45,24,15,#N/A,#N/A,#N/A,16,35,49,
2011-01-20,Galaxy,,34,51,20,15,#N/A,#N/A,#N/A,14,30,62,
2011-02-01,Essential,,41,51,27,12,#N/A,#N/A,#N/A,11,,,
2011-02-01,Newspoll,,38,46,23,17,#N/A,#N/A,#N/A,14,30,57,
2011-02-10,Essential,,35,54,24,12,#N/A,#N/A,#N/A,10,,,
2011-02-14,Nielsen,,34,53,22,13,#N/A,#N/A,#N/A,12,36,58,
2011-03-02,Galaxy,,36,50,23,14,#N/A,#N/A,#N/A,13,,,
2011-03-09,Newspoll,,37,50,26,11,#N/A,#N/A,#N/A,13,34,58,
2011-03-17,Essential,,34,55,23,11,#N/A,#N/A,#N/A,11,,,
2011-03-23,Newspoll,,35.9,50,23,12,#N/A,#N/A,#N/A,15,32,60,
2011-03-23,Galaxy,,34,51,22,12,#N/A,#N/A,#N/A,15,,,
2011-03-23,Nielsen,,36,50,22,13,#N/A,#N/A,#N/A,15,,,
2011-04-12,Morgan Phone,,29.5,56.5,19,13,#N/A,#N/A,#N/A,11.5,54.5,10,
2011-10-01,Newspoll,,34,51,22,14,#N/A,#N/A,#N/A,13,53,24,
2011-12-01,Newspoll,,36,49,24,13,#N/A,#N/A,#N/A,14,49,28,
2012-02-01,Newspoll,,36,49,25,13,#N/A,#N/A,#N/A,13,46,29,
2012-03-25,Morgan Phone,,41.5,49,24.5,13,#N/A,#N/A,#N/A,13.5,,,
2012-04-01,Newspoll,,37,47,24,12,#N/A,#N/A,#N/A,17,48,30,
2012-06-09,Morgan Phone,,39,50,23.5,15,#N/A,#N/A,#N/A,11.5,,,
2012-07-15,Morgan Phone,,35,56.5,21.5,10.5,#N/A,#N/A,#N/A,11.5,,,
2012-08-01,Newspoll,,39,47,27,12,#N/A,#N/A,#N/A,14,37,37,
2012-08-11,Morgan Phone,,40.5,53,27,10,#N/A,#N/A,#N/A,10,,,
2012-09-14,Galaxy,,42,47,31,11,#N/A,#N/A,#N/A,11,,,
2012-10-01,Newspoll,,41,45,28,11,#N/A,#N/A,#N/A,16,36,42,
2012-12-01,Essential,,40,51,31,8,#N/A,#N/A,#N/A,10,,,
2012-12-01,Newspoll,,41,45,29,11,#N/A,#N/A,#N/A,15,38,40,
2013-02-01,Newspoll,,40,46,27,11,#N/A,#N/A,#N/A,16,43,38,
2013-03-15,Essential,,43,49,33,9,#N/A,#N/A,#N/A,9,,,
2013-03-23,Nielsen,,37,52,23,10,#N/A,#N/A,#N/A,15,54,35,
2013-04-01,Newspoll,,39,48,28,10,#N/A,#N/A,#N/A,14,44,38,
2013-06-01,Newspoll,,39,47,28,12,#N/A,#N/A,#N/A,13,41,37,
2013-08-01,Newspoll,,39,49,28,10,#N/A,#N/A,#N/A,13,46,38,
2013-10-01,Newspoll,,43,45,32,10,#N/A,#N/A,#N/A,13,45,32,
2013-11-15,Essential,,43,49,33,9,#N/A,#N/A,#N/A,9,,,
2013-12-15,Essential,,47,44,36,9,#N/A,#N/A,#N/A,11,,,
2014-01-15,Essential,,43,48,33,8,#N/A,#N/A,#N/A,10,,,
2014-02-01,Newspoll,,42,46,31,10,#N/A,#N/A,#N/A,13,42,39,
2014-02-15,Essential,,45,47,36,8,#N/A,#N/A,#N/A,9,,,
2014-02-27,Nielsen,,51,40,35,12,#N/A,#N/A,#N/A,13,46,40,
2014-03-15,Essential,,46,46,37,8,#N/A,#N/A,#N/A,10,,,
2014-04-15,Essential,,46,46,36,8,#N/A,#N/A,#N/A,10,,,
2014-05-15,Essential,,49,43,38,9,#N/A,#N/A,#N/A,10,,,
2014-05-27,Galaxy,,47,43,37,11,#N/A,#N/A,#N/A,9,,,
2014-06-01,Newspoll,,43,43,31,13,#N/A,#N/A,#N/A,13,49,19,
2014-06-16,Essential,,48,44,38,7,#N/A,#N/A,#N/A,11,,,
2014-07-16,Essential,,46,45,36,8,#N/A,#N/A,#N/A,10,,,
2014-08-01,Newspoll,,46,40,33,13,#N/A,#N/A,#N/A,14,49,23,
2014-08-16,Essential,,46,45,35,9,#N/A,#N/A,#N/A,12,,,
2014-08-22,Galaxy,,45,45,35,11,#N/A,#N/A,#N/A,9,,,
2014-09-16,Essential,,47,44,36,8,#N/A,#N/A,#N/A,13,,,
2014-09-28,SMS Morgan,,47,46,32.5,12,#N/A,#N/A,#N/A,9.5,,,
2014-10-01,Newspoll,,45,42,33,13,#N/A,#N/A,#N/A,12,56,20,
2014-10-16,Essential,,46,46,36,8,#N/A,#N/A,#N/A,10,,,
2014-10-26,SMS Morgan,,44,46,34,10.5,#N/A,#N/A,#N/A,9.5,,,
2014-11-20,Galaxy,,44,46,34,11,#N/A,#N/A,#N/A,9,,,
2014-11-20,Ipsos,,46,44,36,11,#N/A,#N/A,#N/A,9,60,18,
2014-11-23,SMS Morgan,,45,44,32.5,12.5,#N/A,#N/A,#N/A,11,,,
2014-12-01,Newspoll,,44,44,33,11,#N/A,#N/A,#N/A,12,60,20,
2014-12-10,Essential,,48,45,38,7,#N/A,#N/A,#N/A,10,,,
2015-01-08,Galaxy,,46,44,36,11,#N/A,#N/A,#N/A,9,,,
2015-01-17,SMS Morgan,,46,44.5,35,11,#N/A,#N/A,#N/A,9.5,,,
2015-01-22,Galaxy,,46,45,36,11,#N/A,#N/A,#N/A,8,,,
2015-02-06,Ipsos,,47,46,34,12,#N/A,#N/A,#N/A,9,60,18,
2015-02-15,SMS Morgan,,44.5,45,34,9.5,#N/A,#N/A,#N/A,11.5,,,
2015-02-19,Galaxy,,47,43,36,10,#N/A,#N/A,#N/A,11,,,
2015-02-25,Newspoll,,46,43,36,11,#N/A,#N/A,#N/A,10,59,26,
2015-02-26,ReachTEL,,47,44.6,35,10,#N/A,#N/A,#N/A,10.4,,,
2015-03-06,ReachTEL,,47,44,34.8,10.2,#N/A,#N/A,#N/A,11,,,
2015-03-12,Galaxy,,46,44,36,10,#N/A,#N/A,#N/A,10,,,
2015-03-14,SMS Morgan,,44.5,46.5,33.5,11.5,#N/A,#N/A,#N/A,8.5,,,
2015-03-16,Essential,,47,44,36,9,#N/A,#N/A,#N/A,11,,,
2015-03-19,Lonergan,,45,46,34,10,#N/A,#N/A,#N/A,10,,,
2015-03-10,Galaxy,,46,45,36,10,#N/A,#N/A,#N/A,9,,,
2015-03-20,Ipsos,,46,47,32,13,#N/A,#N/A,#N/A,8,60,22,
2015-03-21,Lonergan,,43,47,31,11,#N/A,#N/A,#N/A,11,,,
2015-03-22,SMS Morgan,,44,45.5,32.5,12,#N/A,#N/A,#N/A,13,,,
2015-03-25,Galaxy,,45,45,34,11,#N/A,#N/A,#N/A,10,,,
2015-03-25,Newspoll,,45,44,34,11,#N/A,#N/A,#N/A,11,57,29,
2015-03-26,ReachTEL,,46,45.5,33.8,10.5,#N/A,#N/A,#N/A,10.3,48.8,23.3,
2015-03-26,SMS Morgan,,42.5,49,29,12.5,#N/A,#N/A,#N/A,9.5,,,
2015-04-12,SMS Morgan,,45.5,47.5,31,12.5,#N/A,#N/A,#N/A,9,,,
2015-05-23,SMS Morgan,,41.5,53.5,29.5,12,#N/A,#N/A,#N/A,5,,,
2015-06-20,SMS Morgan,,43,49.5,27.5,14,#N/A,#N/A,#N/A,9,,,
2015-08-01,SMS Morgan,,44,49.5,28.5,15,#N/A,#N/A,#N/A,6.5,,,
2015-08-30,SMS Morgan,,43,49,25,17.5,#N/A,#N/A,#N/A,18.5,,,
2015-09-01,Newspoll2,,44,47,33,11,#N/A,#N/A,#N/A,9,63,23,
2015-10-15,Essential,,44,48,34,9,#N/A,#N/A,#N/A,10,,,
2015-10-12,SMS Morgan,,39.5,54,24.5,13.5,#N/A,#N/A,#N/A,8,,,
2015-11-15,Essential,,44,48,33,9,#N/A,#N/A,#N/A,10,,,
2015-12-01,Newspoll2,,44,48,33,10,#N/A,#N/A,#N/A,9,61,22,
2015-12-06,SMS Morgan,,39.5,52,22.5,15,#N/A,#N/A,#N/A,10.5,,,
2015-12-15,Essential,,44,47,33,11,#N/A,#N/A,#N/A,10,,,
2016-01-15,Essential,,45,47,34,10,#N/A,#N/A,#N/A,9,,,
2016-01-31,SMS Morgan,,40.5,52,24.5,14.5,#N/A,#N/A,#N/A,9,,,
2016-02-15,Essential,,45,46,34,9,#N/A,#N/A,#N/A,11,,,
2016-03-15,Essential,,43,49,33,10,#N/A,#N/A,#N/A,9,,,
2016-03-27,SMS Morgan,,45,46,27,15.5,#N/A,#N/A,#N/A,11.5,,,
2016-05-16,Essential,,48,44,37,9,#N/A,#N/A,#N/A,10,,,
2016-05-21,SMS Morgan,,46.5,46,29,17,#N/A,#N/A,#N/A,8,,,
2016-07-15,Essential,,47,45,36,9,#N/A,#N/A,#N/A,10,,,
2016-08-21,SMS Morgan,,49.5,39,30.5,13,#N/A,#N/A,#N/A,14.5,,,
2016-08-15,Essential,,47,45,36,9,#N/A,#N/A,#N/A,11,,,
2016-08-25,ReachTEL,,50,42.9,38,8.7,#N/A,#N/A,#N/A,10.4,,,
2016-09-01,Newspoll2,,49,42,36,11,#N/A,#N/A,#N/A,11,39,46,
2016-09-15,Essential,,50,42,39,9,#N/A,#N/A,#N/A,11,,,
2016-10-01,SMS Morgan,,51.5,37,31.5,14,#N/A,#N/A,#N/A,9,,,
2016-10-15,Essential,,50,43,39,8,#N/A,#N/A,#N/A,10,,,
2016-11-15,Essential,,47,44,36,9,#N/A,#N/A,#N/A,11,,,
2016-11-20,Newspoll2,,49,41,36,11,#N/A,#N/A,#N/A,12,35,50,
2016-12-01,ReachTEL,,47,43.8,35,8.6,#N/A,#N/A,#N/A,12.5,,,
2016-12-15,Essential,,50,42,39,9,#N/A,#N/A,#N/A,10,,,
2017-01-20,ReachTEL,,45,42.7,28,8.4,16.3,#N/A,#N/A,4.6,,,
2017-02-15,Essential,,48,43,36,9,#N/A,#N/A,#N/A,12,,,
2017-03-01,Newspoll2,,49,40,34,10,8,#N/A,#N/A,8,44,21,
2017-05-16,Essential,,49,42,37,10,#N/A,#N/A,#N/A,11,,,
2017-07-16,Essential,,48,43,37,9,#N/A,#N/A,#N/A,11,,,
2017-08-16,Essential,,49,43,38,9,#N/A,#N/A,#N/A,10,,,
2017-09-16,Essential,,49,43,38,8,#N/A,#N/A,#N/A,10,,,
2017-10-05,ReachTEL,,48,40.9,33.7,9.9,8.2,2.4,#N/A,4.1,,,
2017-10-16,Essential,,53,39,40,10,#N/A,#N/A,#N/A,11,,,
2017-11-16,Essential,,49,43,37,9,#N/A,#N/A,#N/A,10,,,
2017-12-16,Essential,,52,40,40,9,#N/A,#N/A,#N/A,11,,,
2018-02-17,Newspoll2,,50,38,34,11,#N/A,#N/A,#N/A,17,45,35,
2018-03-15,ReachTEL,,48,44.7,34.6,10,5.4,#N/A,#N/A,5.2,,,
2018-09-20,ReachTEL,,50,37.3,33.5,10.8,4.5,6.5,#N/A,7.4,,,
2018-11-29,Galaxy,,52,37,39,9,8,#N/A,#N/A,7,,,
2018-11-30,uComms,,51,37.7,35.5,9.9,7.7,3.4,#N/A,6,,,
2019-01-27,Newspoll2,,50,39,36,10,6,#N/A,#N/A,9,41,43,
2019-02-13,Essential,,51,39,36,10,8,#N/A,#N/A,7,,,
2019-03-07,uComms,,51,37.5,35.8,10.1,5.9,4.8,#N/A,5.9,,,
2019-03-10,Newspoll2,,50,40,36,10,5,#N/A,#N/A,14,44,38,
2019-03-16,Galaxy,,50,41,38,9,1,3,#N/A,8,,,
2019-03-20,Newspoll2,,49,41,35,10,#N/A,#N/A,#N/A,14,43,42,
2020-04-24,Newspoll2,,#N/A,#N/A,#N/A,#N/A,#N/A,#N/A,#N/A,#N/A,69,23,#Date estimated
2020-06-26,Newspoll2,,#N/A,#N/A,#N/A,#N/A,#N/A,#N/A,#N/A,#N/A,68,26,#Date estimated
2020-10-17,Newspoll2,YouGov,#N/A,#N/A,#N/A,#N/A,#N/A,#N/A,#N/A,#N/A,68,26,
2020-10-17,Essential,,#N/A,#N/A,#N/A,#N/A,#N/A,#N/A,#N/A,#N/A,67,22,
2020-10-22,Ipsos,,#N/A,#N/A,#N/A,#N/A,#N/A,#N/A,#N/A,#N/A,64,16,
2021-05-01,ResolvePM,,#N/A,44,28,12,#N/A,4,#N/A,12,,,
2021-07-01,ResolvePM,,#N/A,43,28,12,#N/A,1,#N/A,16,,,
2021-09-03,ResolvePM,,#N/A,41,30,11,#N/A,1,#N/A,16,,,
2021-11-01,ResolvePM,,#N/A,41,31,10,#N/A,2,#N/A,16,,,
2022-02-01,ResolvePM,,#N/A,37,34,8,#N/A,2,#N/A,19,,,
2022-06-24,Essential,,#N/A,#N/A,#N/A,#N/A,#N/A,#N/A,#N/A,#N/A,49,35,#Major party primary votes given (LNP 37 ALP 34) but undecided component unknown
2022-09-01,ResolvePM,,#N/A,30,43,10,#N/A,2,#N/A,15,,,
2022-09-07,Essential,,#N/A,41.83908046,36.7816092,9.770114943,#N/A,#N/A,#N/A,11.6091954,,,
2022-09-15,Morgan multi-mode,,53,34,34,12.5,3.5,1,#N/A,15,,,
2022-09-21,Newspoll2,,54,35,40,12,#N/A,#N/A,#N/A,13,47,41,
2022-10-15,Freshwater,,54,36,37,11,#N/A,1,#N/A,16,37,35,
2022-10-15,Morgan multi-mode,,57,32,36.5,9.5,5.5,1,#N/A,15.5,,,
2022-11-01,ResolvePM,,#N/A,35,38,11,#N/A,1,#N/A,15,,,
2022-11-15,Morgan multi-mode,,52,37,35,11.5,5,1.5,#N/A,10,,,
2022-12-15,Morgan multi-mode,,55,33.5,33.5,12,4.5,1,#N/A,15.5,,,
2023-01-16,Newspoll2,YouGov,56,33,39,11,#N/A,#N/A,#N/A,17,,,
2023-01-16,Morgan multi-mode,,52,35,32.5,9.5,6.5,1.5,#N/A,15,,,
2023-01-20,Essential,,#N/A,#N/A,#N/A,#N/A,#N/A,#N/A,#N/A,#N/A,47,36,
2023-01-22,ResolvePM,,#N/A,34,37,12,#N/A,2,#N/A,16,,,
2023-02-22,Newspoll2,,52,37,36,12,#N/A,#N/A,#N/A,15,50,41,
2023-02-24,Freshwater,,53,37,39,10,#N/A,1,#N/A,14,,,
2023-02-25,ResolvePM,,#N/A,32,38,11,#N/A,#N/A,#N/A,20,,,
2023-02-26,SMS Morgan,,52.5,32.5,33.5,11,8.5,#N/A,#N/A,14.5,53,47,
2023-03-12,SMS Morgan,,53.5,34,34,13,2,#N/A,#N/A,17,,,
2023-03-17,ResolvePM2,,52.5,38,38,8,#N/A,#N/A,#N/A,16,52,32,
2023-03-20,Freshwater,,53,37,37,10,#N/A,#N/A,#N/A,16,,,
2023-03-21,Newspoll2,,54.5,35,38,11,#N/A,#N/A,#N/A,16,41,44,
2023-05-01,ResolvePM,,#N/A,31,44,9,#N/A,#N/A,#N/A,15,,,
2023-07-01,ResolvePM,,#N/A,32,41,10,#N/A,#N/A,#N/A,16,,,
2023-09-01,ResolvePM,,#N/A,36,38,9,#N/A,#N/A,#N/A,17,,,
2024-02-01,ResolvePM,,#N/A,38,34,12,#N/A,#N/A,#N/A,17,,,
2024-04-05,ResolvePM,,#N/A,36,33,12,#N/A,#N/A,#N/A,19,,,
2024-04-01,Redbridge,,50.5,40,35,11,#N/A,#N/A,#N/A,14,,,#Date estimated
2024-05-31,ResolvePM,,#N/A,35,32,11,#N/A,#N/A,#N/A,22,,,
2024-07-26,ResolvePM,,#N/A,38,30,12,#N/A,#N/A,#N/A,20,,,
2024-08-18,Wolf&Smith,,50,38,32,12,#N/A,#N/A,#N/A,18,,,
2024-09-20,ResolvePM,,#N/A,37,32,11,#N/A,#N/A,#N/A,20,,,
2024-11-23,Redbridge,,50.5,41,37,9,#N/A,#N/A,#N/A,13,,,#Date estimated
2024-12-01,ResolvePM,,#N/A,37,33,11,#N/A,#N/A,#N/A,20,,,#Date estimated
2025-02-01,ResolvePM,,#N/A,38,29,14,#N/A,#N/A,#N/A,19,,,#Date estimated
2025-03-25,DemosAU,,54,34,33,14,#N/A,#N/A,#N/A,19,,,
2025-04-01,ResolvePM,,#N/A,36,33,11,#N/A,#N/A,#N/A,20,,,
2025-07-01,ResolvePM,,#N/A,32,38,13,#N/A,#N/A,#N/A,18,,,#Date estimated
