MidDate,Firm,Brand,@TPP,LNP FP,ALP FP,GRN FP,ONP FP,UAP FP,DEM FP,OTH FP,GLApp,GLDis,Comments,,
1985-12-01,Newspoll,,#N/A,46,48,#N/A,#N/A,#N/A,6,0.5,52,40,,,
1986-02-01,Newspoll,,#N/A,40,54,#N/A,#N/A,#N/A,5,1,62,28,,,
1986-04-01,Newspoll,,#N/A,39,54,#N/A,#N/A,#N/A,6,1,59,28,,,
1986-06-01,Newspoll,,#N/A,43,51,#N/A,#N/A,#N/A,5,1,58,32,,,
1986-08-01,Newspoll,,#N/A,46,48,#N/A,#N/A,#N/A,5,1,57,34,,,
1986-10-01,Newspoll,,#N/A,42,48,#N/A,#N/A,#N/A,8,2,60,33,,,
1986-12-01,Newspoll,,#N/A,40,53,#N/A,#N/A,#N/A,5,2,59,32,,,
1987-02-01,Newspoll,,#N/A,41,51,#N/A,#N/A,#N/A,7,1,61,30,,,
1987-04-01,Newspoll,,#N/A,38,57,#N/A,#N/A,#N/A,4,1,65,28,,,
1987-07-01,Newspoll,,#N/A,40,53,#N/A,#N/A,#N/A,5,2,63,32,,,
1987-10-01,Newspoll,,#N/A,40,50,#N/A,#N/A,#N/A,8,2,58,34,,,
1987-11-01,Newspoll,,#N/A,41,50,#N/A,#N/A,#N/A,7,2,53,39,,,
1988-02-01,Newspoll,,#N/A,47,43,#N/A,#N/A,#N/A,9,1,49,43,,,
1988-03-15,F2F Morgan,,#N/A,35,45,#N/A,#N/A,#N/A,,20,,,,,
1988-04-01,Newspoll,,#N/A,43,47,#N/A,#N/A,#N/A,8,2,53,40,,,
1988-04-15,F2F Morgan,,#N/A,37,42,#N/A,#N/A,#N/A,#N/A,21,,,,,
1988-06-01,Newspoll,,#N/A,45,43,#N/A,#N/A,#N/A,9,3,55,39,,,
1988-08-01,Newspoll,,#N/A,43,46,#N/A,#N/A,#N/A,9,2,59,34,,,
1988-09-10,Newspoll,,#N/A,44,47,#N/A,#N/A,#N/A,6,3,59,34,,,
1988-09-17,F2F Morgan,,#N/A,44,50,#N/A,#N/A,#N/A,2,4,,,,,
1988-09-20,Saulwick,,#N/A,42,47,#N/A,#N/A,#N/A,8,3,,,#Date estimated,,
1988-09-24,Newspoll,,#N/A,45,51,#N/A,#N/A,#N/A,3,1,56,37,,,
1988-09-29,Newspoll,,#N/A,43,50,#N/A,#N/A,#N/A,4,3,54,38,,,
1988-12-01,Newspoll,,#N/A,48,44,#N/A,#N/A,#N/A,5,3,56,35,,,
1989-02-01,Newspoll,,#N/A,45.5,45.5,#N/A,#N/A,#N/A,5,4,54,37,,,
1989-04-01,Newspoll,,#N/A,47,43,#N/A,#N/A,#N/A,7,3,54,40,,,
1989-06-01,Newspoll,,#N/A,47,43,#N/A,#N/A,#N/A,7,3,51,40,,,
1989-08-01,Newspoll,,#N/A,47,44,#N/A,#N/A,#N/A,7,2,51,41,,,
1989-10-01,Newspoll,,#N/A,43,45,#N/A,#N/A,#N/A,9,3,47,42,,,
1989-12-01,Newspoll,,#N/A,45,42,#N/A,#N/A,#N/A,9,4,43,48,,,
1990-02-01,Newspoll,,#N/A,47,38,#N/A,#N/A,#N/A,13,2,39,54,,,
1990-04-01,Newspoll,,#N/A,47,36,#N/A,#N/A,#N/A,13,4,32,59,,,
1990-06-01,Newspoll,,#N/A,53,31,#N/A,#N/A,#N/A,13,3,25,68,,,
1990-07-01,Newspoll,,#N/A,55,30,#N/A,#N/A,#N/A,12,3,25,66,,,
1990-08-01,Saulwick,,#N/A,56,23,#N/A,#N/A,#N/A,16,5,18,51,,,
1990-09-01,Newspoll,,#N/A,54,29,#N/A,#N/A,#N/A,14,3,33,30,,,
1990-11-01,Newspoll,,#N/A,61,25,#N/A,#N/A,#N/A,11,3,34,45,,,
1990-12-01,Newspoll,,#N/A,55,25,#N/A,#N/A,#N/A,15,5,35,47,,,
1991-01-15,Morgan F2F,,#N/A,57,24,#N/A,#N/A,#N/A,9,10,,,"#""Morgan Gallup""",,
1991-02-01,Newspoll,,#N/A,57,26,#N/A,#N/A,#N/A,12,5,32,55,,,
1991-04-01,Newspoll,,#N/A,60,25,#N/A,#N/A,#N/A,11,4,32,58,,,
1991-04-24,Saulwick,,#N/A,61,20,#N/A,#N/A,#N/A,#N/A,19,,,,,
1991-04-25,Newspoll,,#N/A,57,28,#N/A,#N/A,#N/A,9,6,35,58,,,
1991-05-11,Newspoll,,#N/A,62,25,#N/A,#N/A,#N/A,11,2,36,57,,,
1991-05-27,Newspoll,,#N/A,50,30,#N/A,#N/A,#N/A,12,8,37,56,,,
1991-05-16,Saulwick,,#N/A,53.4,27,#N/A,#N/A,#N/A,#N/A,19.6,27,37,,,
1991-05-25,Morgan F2F,,#N/A,51,29,#N/A,#N/A,#N/A,#N/A,20,,,,,
1991-08-15,Morgan F2F,,#N/A,52,31,#N/A,#N/A,#N/A,#N/A,17,47,,,,
1991-09-15,Morgan F2F,,#N/A,50.5,33.5,#N/A,#N/A,#N/A,#N/A,16,48,45,"#""Morgan Gallup""",,
1991-10-24,Saulwick,,#N/A,48,30,#N/A,#N/A,#N/A,#N/A,22,33,31,,,
1991-11-22,Saulwick,,#N/A,48,34,#N/A,#N/A,#N/A,#N/A,18,33,28,,,
1991-12-01,Newspoll,,#N/A,52,36,#N/A,#N/A,#N/A,8,12,51,42,,,
1992-01-30,Saulwick,,#N/A,55,30,#N/A,#N/A,#N/A,7,8,28,31,#Only Kirner's net approval given,,
1992-02-01,Newspoll,,#N/A,55,34,#N/A,#N/A,#N/A,#N/A,11,43,51,,,
1992-02-26,Saulwick,,#N/A,54,28,#N/A,#N/A,#N/A,7,11,28,31,,,
1992-04-01,Newspoll,,#N/A,54,31,#N/A,#N/A,#N/A,#N/A,15,35,60,,,
1992-04-02,Saulwick,,#N/A,47,32,#N/A,#N/A,#N/A,#N/A,21,33,33,,,
1992-04-30,Saulwick,,#N/A,43,30,#N/A,#N/A,#N/A,8,19,43,47,#Only Kirner's net approval given,,
1992-05-28,Saulwick,,#N/A,45,25,#N/A,#N/A,#N/A,8,22,,,,,
1992-06-01,Newspoll,,#N/A,55,28,#N/A,#N/A,#N/A,#N/A,17,32,63,,,
1992-07-02,Saulwick,,#N/A,52,21,#N/A,#N/A,#N/A,8,19,21,46,,,
1992-07-30,Saulwick,,#N/A,50,22,#N/A,#N/A,#N/A,10,18,32,62,,,
1992-08-01,Newspoll,,#N/A,50,33,#N/A,#N/A,#N/A,#N/A,17,32,63,,,
1992-08-10,AGB McNair,,#N/A,49,25,#N/A,#N/A,#N/A,#N/A,#N/A,24,55,"#Date estimated, ""Independents"" given as 13",,
1992-08-13,Saulwick,,#N/A,51,24,#N/A,#N/A,#N/A,#N/A,25,38,53,#Only Kirner's net approval given,,
1992-09-01,Saulwick,,#N/A,51,24,#N/A,#N/A,#N/A,5,20,40,52,"#Date estimated, only Kirner's net approval given",,
1992-09-13,Newspoll,,#N/A,53,37,#N/A,#N/A,#N/A,#N/A,10,38,56,,,
1992-09-17,Saulwick,,#N/A,52,35,#N/A,#N/A,#N/A,1,12,,,,,
1992-09-30,Newspoll,,45,51.5,40,#N/A,#N/A,#N/A,#N/A,8.5,43,51,,,
1992-09-30,Morgan Phone,,#N/A,48,38,#N/A,#N/A,#N/A,#N/A,14,,,"#""Morgan Gallup""",,
1992-09-30,Quadrant,,44,#N/A,#N/A,#N/A,#N/A,#N/A,#N/A,#N/A,,,#Date estimated,,
1992-10-01,Saulwick,,42,53,35,#N/A,#N/A,#N/A,#N/A,12,,,#Alternative TPP of 44 offered,,
1992-10-29,Saulwick,,#N/A,50,36,#N/A,#N/A,#N/A,3,11,38,33,,,
1992-11-01,Newspoll,,#N/A,50,38,#N/A,#N/A,#N/A,#N/A,12,41,44,,,
1992-11-15,F2F Morgan,,#N/A,43,45,#N/A,#N/A,#N/A,#N/A,12,,,,,
1992-12-02,Saulwick,,#N/A,42,40,#N/A,#N/A,#N/A,3,15,30,51,#Approvals estimated from report,,
1992-12-12,F2F Morgan,,#N/A,46,41,#N/A,#N/A,#N/A,#N/A,13,38,54,,,
1993-01-28,Saulwick,,#N/A,44,39,#N/A,#N/A,#N/A,#N/A,17,33,38,,,
1993-02-01,Newspoll,,#N/A,53,37,#N/A,#N/A,#N/A,#N/A,10,46,46,,,
1993-03-31,Saulwick,,#N/A,45,44,#N/A,#N/A,#N/A,#N/A,11,36,40,#Date estimated,,
1993-04-01,Newspoll,,#N/A,43,50,#N/A,#N/A,#N/A,#N/A,7,38,54,,,
1993-06-01,Newspoll,,#N/A,46,45,#N/A,#N/A,#N/A,#N/A,9,39,54,,,
1993-08-01,Newspoll,,#N/A,53,39,#N/A,#N/A,#N/A,#N/A,8,42,48,,,
1993-07-28,Saulwick,,#N/A,48,38,#N/A,#N/A,#N/A,#N/A,14,39,39,,,
1993-09-28,Saulwick,,#N/A,54,29,#N/A,#N/A,#N/A,#N/A,18,44,29,,,
1993-10-01,Newspoll,,#N/A,51,37,#N/A,#N/A,#N/A,#N/A,12,44,47,,,
1993-10-27,Saulwick,,#N/A,57,30,#N/A,#N/A,#N/A,#N/A,13,44,32,,,
1993-12-01,Newspoll,,#N/A,51,39,#N/A,#N/A,#N/A,#N/A,10,46,44,,,
1993-12-03,Saulwick,,#N/A,53,31,#N/A,#N/A,#N/A,#N/A,17,44,32,#Date estimated,,
1994-02-01,Newspoll,,#N/A,47,43,#N/A,#N/A,#N/A,#N/A,10,47,46,,,
1994-02-03,Saulwick,,#N/A,53,33,#N/A,#N/A,#N/A,#N/A,14,47,25,#Date estimated,,
1994-03-02,Saulwick,,#N/A,53,34,#N/A,#N/A,#N/A,#N/A,13,,,,,
1994-04-01,Newspoll,,#N/A,50,40,#N/A,#N/A,#N/A,#N/A,10,45,45,,,
1994-04-05,Saulwick,,#N/A,56,32,#N/A,#N/A,#N/A,#N/A,12,,,,,
1994-04-27,Saulwick,,#N/A,55,34,#N/A,#N/A,#N/A,#N/A,11,50,,,,
1994-06-01,Newspoll,,#N/A,52,40,#N/A,#N/A,#N/A,#N/A,8,47,44,,,
1994-06-10,Saulwick,,41,55,33,#N/A,#N/A,#N/A,#N/A,12,,,#Date estimated,,
1994-06-29,Saulwick,,37,58,30,#N/A,#N/A,#N/A,#N/A,12,,,,,
1994-08-01,Newspoll,,#N/A,53,38,#N/A,#N/A,#N/A,#N/A,9,48,43,,,
1994-07-26,Saulwick,,43,54,35,#N/A,#N/A,#N/A,#N/A,11,51,,,,
1994-08-30,Saulwick,,45,49,34,#N/A,#N/A,#N/A,8,9,44,,,,
1994-09-14,Saulwick,,48,46,38,#N/A,#N/A,#N/A,#N/A,16,,,,,
1994-10-01,Newspoll,,#N/A,50,43,#N/A,#N/A,#N/A,#N/A,7,54,39,,,
1994-10-05,Saulwick,,42,53,36,#N/A,#N/A,#N/A,#N/A,11,56,19,,,
1994-10-10,AGB McNair,,#N/A,44,46,#N/A,#N/A,#N/A,#N/A,10,,,,,
1994-12-01,Newspoll,,#N/A,47,44,#N/A,#N/A,#N/A,#N/A,9,47,44,,,
1994-12-01,Saulwick,,47,#N/A,#N/A,#N/A,#N/A,#N/A,#N/A,#N/A,43,29,,,
1995-02-01,Newspoll,,#N/A,51,40,#N/A,#N/A,#N/A,#N/A,9,47,45,,,
1995-02-04,AGB McNair,,#N/A,50,40,2,#N/A,#N/A,5,3,50,43,,,
1995-03-04,AGB McNair,,#N/A,53,39,2,#N/A,#N/A,2,4,49,44,,,
1995-04-01,Newspoll,,#N/A,49,41,#N/A,#N/A,#N/A,#N/A,10,46,44,,,
1995-04-02,AGB McNair,,#N/A,51,39,#N/A,#N/A,#N/A,4,6,53,,#Date estimated,,
1995-05-10,AGB McNair,,#N/A,54,39,#N/A,#N/A,#N/A,3,4,53,40,#Date estimated,,
1995-05-27,AGB McNair,,#N/A,52,40,2,#N/A,#N/A,3,3,54,40,#Date estimated,,
1995-06-01,Newspoll,,#N/A,50,39,#N/A,#N/A,#N/A,#N/A,11,54,38,,,
1995-06-20,AGB McNair,,#N/A,52,41,#N/A,#N/A,#N/A,#N/A,7,54,39,,,
1995-07-22,AGB McNair,,#N/A,57,34,#N/A,#N/A,#N/A,#N/A,9,57,38,,,
1995-08-01,Newspoll,,#N/A,48,41,#N/A,#N/A,#N/A,#N/A,11,49,42,,,
1995-08-16,AGB McNair,,#N/A,50,41,#N/A,#N/A,#N/A,#N/A,9,51,44,#Date estimated,,
1995-09-10,Quadrant,,#N/A,49,41,#N/A,#N/A,#N/A,#N/A,10,,,,,
1995-09-16,AGB McNair,,#N/A,51,39,#N/A,#N/A,#N/A,#N/A,10,,,,,
1995-10-01,Newspoll,,#N/A,51,40,#N/A,#N/A,#N/A,#N/A,9,48,46,,,
1995-10-14,AGB McNair,,#N/A,51,39,#N/A,#N/A,#N/A,#N/A,10,51,44,#Date estimated,,
1995-11-08,Morgan F2F,,48.5,46.5,40.5,#N/A,#N/A,#N/A,#N/A,14,,,,,
1995-11-11,AGB McNair,,#N/A,50,41,#N/A,#N/A,#N/A,#N/A,9,53,43,,,
1995-12-01,Newspoll,,#N/A,48,41,#N/A,#N/A,#N/A,#N/A,11,44,45,,,
1995-12-06,Morgan F2F,,50,45.5,43.5,3.5,#N/A,#N/A,4.5,3,,,,,
1995-12-15,AGB McNair,,#N/A,50,41,#N/A,#N/A,#N/A,#N/A,9,49,47,,,
1996-02-01,Newspoll,,#N/A,51,38,#N/A,#N/A,#N/A,#N/A,11,51,42,,,
1996-01-20,AGB McNair,,45,52,39,#N/A,#N/A,#N/A,#N/A,9,48,45,,,
1996-02-17,AGB McNair,,45,52,39,2,#N/A,#N/A,5,2,52,42,,,
1996-03-06,AGB McNair,,49,50,40,#N/A,#N/A,#N/A,6,4,54,39,,,
1996-03-16,Morgan Phone,,44,#N/A,#N/A,#N/A,#N/A,#N/A,#N/A,#N/A,,,#Methodology uncertain,,
1996-03-20,AGB McNair,,45,52,40,#N/A,#N/A,#N/A,5,3,,,,,
1996-03-27,Quadrant,,45,53,42,#N/A,#N/A,#N/A,#N/A,5,56,,,,
1996-03-27,AGB McNair,,42,54,37,#N/A,#N/A,#N/A,#N/A,9,58,36,,,
1996-03-28,Newspoll,,#N/A,54,40,#N/A,#N/A,#N/A,#N/A,6,52,39,,,
1996-04-15,Morgan Phone,,44.5,50.5,39,1.5,#N/A,#N/A,6,3,,,#Methodology uncertain,,
1996-05-15,Morgan Phone,,43,51,36.5,3,#N/A,#N/A,7,2.5,,,#Methodology uncertain,,
1996-06-15,Morgan Phone,,50,44.5,42.5,2,#N/A,#N/A,7,4,,,#Methodology uncertain,,
1996-06-22,AGB McNair,,43,53,36,#N/A,#N/A,#N/A,#N/A,11,56,,,,
1996-08-01,Newspoll,,#N/A,52,38,#N/A,#N/A,#N/A,#N/A,10,55,37,,,
1996-10-01,Newspoll,,#N/A,56,34,#N/A,#N/A,#N/A,#N/A,10,57,34,,,
1996-12-01,Newspoll,,#N/A,54,35,#N/A,#N/A,#N/A,#N/A,11,55,37,,,
1997-02-01,Newspoll,,#N/A,51,37,#N/A,#N/A,#N/A,#N/A,12,55,37,,,
1997-04-01,Newspoll,,#N/A,53,35,#N/A,#N/A,#N/A,#N/A,12,55,39,,,
1997-06-01,Newspoll,,#N/A,50,40,#N/A,#N/A,#N/A,#N/A,10,52,40,,,
1997-08-01,Newspoll,,#N/A,51,40,#N/A,#N/A,#N/A,#N/A,9,56,37,,,
1997-09-10,Quadrant,,#N/A,47,43,#N/A,#N/A,#N/A,#N/A,10,55,,#Date estimated,,
1997-10-01,Newspoll,,#N/A,53,35,#N/A,#N/A,#N/A,#N/A,12,57,37,,,
1997-11-12,Nielsen,,46,#N/A,#N/A,#N/A,#N/A,#N/A,#N/A,,46,48,,,
1997-12-01,Newspoll,,#N/A,46,43,#N/A,#N/A,#N/A,#N/A,11,45,48,,,
1997-12-18,Taverner,,#N/A,40,52,#N/A,#N/A,#N/A,#N/A,8,44,34,,,
1998-02-01,Newspoll,,#N/A,45,44,#N/A,#N/A,#N/A,#N/A,11,46,45,,,
1998-04-01,Newspoll,,#N/A,41,46,#N/A,#N/A,#N/A,#N/A,13,46,43,,,
1998-06-01,Newspoll,,#N/A,42,44,#N/A,#N/A,#N/A,#N/A,14,47,43,,,
1998-06-20,Nielsen,,50,45,41,#N/A,5,#N/A,#N/A,9,58,,,,
1998-07-15,F2F Morgan,,54,40.5,44,1.5,5.5,#N/A,4,4.5,,,,,
1998-08-01,Newspoll,,#N/A,42,44,#N/A,#N/A,#N/A,#N/A,14,49,39,,,
1998-08-01,Nielsen,,48,46,39,2,7,#N/A,5,2,58,,,,
1998-08-16,F2F Morgan,,52.5,43,43.5,1.5,3.5,#N/A,4,4.5,,,,,
1998-09-16,F2F Morgan,,49.5,46,43,1.5,2,#N/A,4,3.5,,,,,
1998-10-01,Newspoll,,#N/A,47,44,#N/A,#N/A,#N/A,#N/A,9,54,36,,,
1998-10-14,F2F Morgan,,47.5,48,40.5,2,1,#N/A,5,3.5,,,,,
1998-10-31,Nielsen,,47,47,42,#N/A,#N/A,#N/A,#N/A,#N/A,60,31,,,
1998-11-15,F2F Morgan,,52,43,44,2.5,2.5,#N/A,4.5,3.5,,,,,
1998-12-01,Newspoll,,#N/A,46,42,#N/A,#N/A,#N/A,#N/A,12,53,36,,,
1998-12-13,F2F Morgan,,45.5,50,38.5,2,1.5,#N/A,5.5,2.5,,,,,
1999-01-20,F2F Morgan,,49.5,45.5,41,2,1,#N/A,7.5,4,,,,,
1999-02-01,Newspoll,,#N/A,51,40,#N/A,#N/A,#N/A,#N/A,9,54,34,,,
1999-02-17,F2F Morgan,,47.5,48,40,2,1.5,#N/A,5,3.5,,,,,
1999-02-28,Nielsen,,46,49,38,#N/A,#N/A,#N/A,#N/A,13,60,32,,,
1999-03-10,F2F Morgan,,48,47,39,3,2.5,#N/A,4.5,4,,,,,
1999-03-28,F2F Morgan,,47,51,39,2,1,#N/A,4,3,,,,,
1999-04-01,Newspoll,,#N/A,51,41,#N/A,#N/A,#N/A,#N/A,8,60,31,,,
1999-04-18,F2F Morgan,,48.5,47,41,2,2,#N/A,4.5,3.5,,,,,
1999-04-20,Nielsen,,46,50,38,#N/A,#N/A,#N/A,#N/A,12,61,,#Date estimated,,
1999-05-15,F2F Morgan,,48.5,47,40.5,2,1,#N/A,5,4.5,,,,,
1999-06-01,Newspoll,,#N/A,52,39,#N/A,#N/A,#N/A,#N/A,9,56,32,,,
1999-06-16,F2F Morgan,,50,46,43,2,1,#N/A,5.5,2.5,,,,,
1999-06-25,Nielsen,,45,51,39,#N/A,1,#N/A,2,7,60,36,#Date estimated,,
1999-07-14,F2F Morgan,,49,47,41.5,2,0.5,#N/A,5,4,,,,,
1999-08-01,Newspoll,,#N/A,50,40,#N/A,#N/A,#N/A,#N/A,10,55,33,,,
1999-08-11,F2F Morgan,,50,46,42,1.5,1,#N/A,4,5.5,,,,,
1999-08-14,Nielsen,,47,49,39,#N/A,#N/A,#N/A,#N/A,12,60,33,,,
1999-08-25,Quadrant,,46,51,42,#N/A,#N/A,#N/A,#N/A,7,,,,,
1999-08-27,Nielsen,,42,54,38,#N/A,#N/A,#N/A,#N/A,8,61,31,,,
1999-09-05,Morgan Phone,,50,47,43,2.5,0,#N/A,4,4.5,,,,,
1999-09-15,Nielsen,,46,50,40,#N/A,#N/A,#N/A,#N/A,10,60,,,,
1999-09-16,Newspoll,,51,46,46,#N/A,#N/A,#N/A,#N/A,8,52,40,,,
1999-09-16,Morgan Phone,,49.5,48,45,#N/A,#N/A,#N/A,#N/A,7,,,,,
1999-09-18,Morgan Phone,,49.5,48,45,#N/A,#N/A,#N/A,#N/A,7,,,,,
1999-10-16,F2F Morgan,,54.5,42,49.5,1.5,0.5,#N/A,2.5,4,,,,,
1999-10-29,Quadrant,,#N/A,45,44,#N/A,#N/A,#N/A,#N/A,#N/A,,,,,
1999-11-17,F2F Morgan,,51.5,44.5,44.5,2,1,#N/A,3,5,,,,,
1999-12-01,Newspoll,,#N/A,45,48,#N/A,#N/A,#N/A,#N/A,7,57,11,,,
1999-12-04,Nielsen,,53,43,48,2,1,#N/A,3,3,63,16,,,
1999-12-12,F2F Morgan,,57,39.5,51.5,1.5,0,#N/A,3,4.5,,,,,
2000-01-19,F2F Morgan,,59,37.5,54.5,1,1.5,#N/A,2.5,3,,,,,
2000-02-01,Newspoll,,#N/A,45,49,#N/A,#N/A,#N/A,#N/A,6,61,19,,,
2000-02-16,F2F Morgan,,55,40.5,48.5,2,1,#N/A,3,3.5,,,,,
2000-03-04,Nielsen,,61,36,55,2,0,#N/A,2,5,67,21,,,
2000-03-15,F2F Morgan,,56,39.5,51,2,0.5,#N/A,3,4,,,,,
2000-04-01,Newspoll,,#N/A,40,50,#N/A,#N/A,#N/A,#N/A,10,63,20,,,
2000-04-16,F2F Morgan,,60,36.5,51.5,2,1,#N/A,4,5,,,,,
2000-05-17,F2F Morgan,,62,34,55,2,0.5,#N/A,3,5.5,,,,,
2000-06-01,Newspoll,,#N/A,37,56,#N/A,#N/A,#N/A,#N/A,7,74,12,,,
2000-06-03,Nielsen,,60,37,54,2,1,#N/A,3,3,72,67,,,
2000-06-14,F2F Morgan,,59.5,36.5,53,2.5,0.5,#N/A,2.5,5,,,,,
2000-07-16,F2F Morgan,,62,33,56,3,1,#N/A,2,5,,,,,
2000-07-29,Nielsen,,63,32,58,2,2,#N/A,3,3,77,,,,
2000-08-01,Newspoll,,#N/A,37,55,#N/A,#N/A,#N/A,#N/A,8,75,13,,,
2000-08-15,F2F Morgan,,59,37,53.5,1.5,1,#N/A,2.5,5,,,,,
2000-09-15,F2F Morgan,,63,34,57.5,1.5,0.5,#N/A,2,4.5,,,,,
2000-10-01,Newspoll,,#N/A,40,52,#N/A,#N/A,#N/A,#N/A,8,67,16,,,
2000-10-15,F2F Morgan,,65.5,30.5,58,1.5,0.5,#N/A,3.5,6,,,,,
2000-11-15,F2F Morgan,,60,35,54,2.5,0.5,#N/A,3.5,4.5,,,,,
2000-12-01,Newspoll,,#N/A,42,49,#N/A,#N/A,#N/A,#N/A,9,66,20,,,
2000-12-15,F2F Morgan,,61,35,53,3,0.5,#N/A,4,4.5,,,,,
2001-01-15,F2F Morgan,,59,37.5,52.5,2.5,0.5,#N/A,2.5,4.5,,,,,
2001-02-01,Newspoll,,#N/A,39,52,#N/A,#N/A,#N/A,#N/A,9,66,19,,,
2001-02-15,F2F Morgan,,62,33,54.5,2,1.5,#N/A,4,5,,,,,
2001-02-24,Nielsen,,64,31,54,3,#N/A,#N/A,4,8,75,17,,,
2001-03-15,F2F Morgan,,64,30.5,56,2.5,2,#N/A,3,6,,,,,
2001-04-01,Newspoll,,#N/A,36,54,#N/A,#N/A,#N/A,#N/A,10,64,20,,,
2001-04-15,F2F Morgan,,63,31.5,53,4,1,#N/A,4.5,6,,,,,
2001-04-21,Nielsen,,65,30,55,3,#N/A,#N/A,6,6,72,19,,,
2001-05-15,F2F Morgan,,66.5,30,57.5,2.5,0.5,#N/A,4.5,5.5,,,,,
2001-05-24,Quadrant,,#N/A,35,47,#N/A,3,#N/A,#N/A,15,,,,,
2001-06-01,Newspoll,,#N/A,36,50,#N/A,#N/A,#N/A,#N/A,14,69,20,,,
2001-06-15,F2F Morgan,,62.5,34,53.5,3,1,#N/A,4,4.5,,,,,
2001-07-15,F2F Morgan,,63.5,31,54,2.5,1,#N/A,6,5.5,,,,,
2001-08-01,Newspoll,,#N/A,41,46,#N/A,#N/A,#N/A,#N/A,13,63,21,,,
2001-08-15,F2F Morgan,,62.5,31.5,53,2.5,1.5,#N/A,6,5.5,,,,,
2001-09-15,F2F Morgan,,63,31,55.5,3,1,#N/A,4,5.5,,,,,
2001-10-01,Newspoll,,#N/A,43,47,3,1,#N/A,3,3,71,18,,,
2001-10-15,F2F Morgan,,58.5,37.5,51,3,0.5,#N/A,4,4,,,,,
2001-11-15,F2F Morgan,,63,32,54.5,5.5,1,#N/A,4,3,,,,,
2001-12-01,Newspoll,,#N/A,42,45,5,1,#N/A,4,3,64,21,,,
2001-12-15,F2F Morgan,,56.5,37.5,47,6,1,#N/A,5,3.5,,,,,
2002-01-15,F2F Morgan,,56,40,47,5.5,0.5,#N/A,3.5,3.5,,,,,
2002-02-01,Newspoll,,#N/A,39,45,5,0.5,#N/A,3,8,61,24,,,
2002-02-15,F2F Morgan,,56,39.5,47.5,4,0,#N/A,4,5,,,,,
2002-03-15,F2F Morgan,,57,38.5,48,5,0,#N/A,2.5,6,,,,,
2002-04-01,Newspoll,,#N/A,37,46,5,1,#N/A,2,9,60,26,,,
2002-04-15,F2F Morgan,,58,37,49,6,0,#N/A,4,4,,,,,
2002-05-15,F2F Morgan,,61.5,31.5,50,6.5,0.5,#N/A,5,4.5,,,,,
2002-06-01,Newspoll,,#N/A,37,45,4,0.5,#N/A,3,11,58,27,,,
2002-06-15,F2F Morgan,,57.5,36.5,45.5,6.5,0.5,#N/A,5.5,5.5,,,,,
2002-07-15,F2F Morgan,,57.5,37,46.5,6.5,0.5,#N/A,3.5,0.5,,,,,
2002-08-01,Newspoll,,#N/A,38,45,6,0.5,#N/A,2,9,57,29,,,
2002-08-15,F2F Morgan,,59,35,49.5,6.5,1,#N/A,3.5,4.5,,,,,
2002-09-06,Nielsen,,57,38,47,9,#N/A,#N/A,2,5,66,,,,
2002-09-15,F2F Morgan,,59.5,36.5,49,8,0.5,#N/A,2.5,3.5,,,,,
2002-10-01,Newspoll,,#N/A,40,41,7,0.5,#N/A,3,9,56,29,,,
2002-10-15,F2F Morgan,,55.5,37.5,47,7,1,#N/A,2.5,5,,,,,
2002-11-01,Saulwick,,58,35,40,12,#N/A,#N/A,#N/A,,51,37,#Undecided extrapolated from 11-29 poll,,
2002-11-15,F2F Morgan,,62,34,54.5,7.5,#N/A,#N/A,0.5,3.5,,,,,
2002-11-16,Saulwick,,61,33.69565217,48.91304348,10.86956522,#N/A,#N/A,2.173913043,4.347826087,,,#Undecided extrapolated from 11-29 poll,,
2002-11-13,Newspoll,,60,37,49,7,0.5,#N/A,1,6,62,25,,,
2002-11-22,Morgan Phone,,59,37.5,47,11,#N/A,#N/A,#N/A,4.5,,,,,
2002-11-28,Newspoll,,57.5,38,48,8,0,#N/A,0,6,64,28,,,
2002-11-28,Morgan Phone,,59,36,48.5,11.5,#N/A,#N/A,#N/A,4,,,,,
2002-11-29,Saulwick,,60,35.22727273,44.31818182,9.090909091,#N/A,#N/A,#N/A,11.36363636,,,,,
2002-11-30,Morgan Phone,,57,36.5,46,12,#N/A,#N/A,#N/A,5.5,,,,,
2002-12-15,F2F Morgan,,62,33.5,49,12,#N/A,#N/A,#N/A,5.5,,,,,
2003-01-15,F2F Morgan,,63.5,32,53,8.5,#N/A,#N/A,#N/A,6.5,,,,,
2003-02-01,Newspoll,,#N/A,37,47,8,#N/A,#N/A,#N/A,8,67,23,,,
2003-02-15,F2F Morgan,,64,31,51.5,9,#N/A,#N/A,#N/A,7.5,,,,,
2003-03-15,F2F Morgan,,59.5,35,51,7.5,#N/A,#N/A,#N/A,7.5,,,,,
2003-04-01,Newspoll,,#N/A,36,49,7,#N/A,#N/A,#N/A,8,66,24,,,
2003-04-15,F2F Morgan,,62,33,52,7,#N/A,#N/A,#N/A,8,,,,,
2003-05-15,F2F Morgan,,58.5,37,49.5,7,#N/A,#N/A,#N/A,6.5,,,,,
2003-06-01,Newspoll,,#N/A,39,43,8,#N/A,#N/A,#N/A,10,57,33,,,
2003-06-15,F2F Morgan,,57.5,38,48,8,#N/A,#N/A,#N/A,6,,,,,
2003-07-15,F2F Morgan,,57,38.5,48.5,6,#N/A,#N/A,#N/A,7,,,,,
2003-08-01,Newspoll,,#N/A,39,42,8,#N/A,#N/A,#N/A,11,54,31,,,
2003-08-15,F2F Morgan,,57,37,48,7.5,#N/A,#N/A,#N/A,7.5,,,,,
2003-09-15,F2F Morgan,,59,35,49,7.5,#N/A,#N/A,#N/A,8.5,,,,,
2003-10-01,Newspoll,,56,38,44,7,#N/A,#N/A,#N/A,11,51,33,,,
2003-10-15,F2F Morgan,,59.5,35.5,48.5,7,#N/A,#N/A,#N/A,9,,,,,
2003-11-15,F2F Morgan,,57.5,36,46,8.5,#N/A,#N/A,#N/A,9.5,,,,,
2003-11-26,Nielsen,,54,41,41,9,2,#N/A,2,5,56,38,,,
2003-12-01,Newspoll,,58,38,43,7,#N/A,#N/A,#N/A,12,51,36,,,
2003-12-15,F2F Morgan,,56.5,40,47.5,6.5,#N/A,#N/A,#N/A,6,,,,,
2004-01-15,F2F Morgan,,59,36.5,48,9,#N/A,#N/A,#N/A,6.5,,,,,
2004-02-01,Newspoll,,56,38,45,7,#N/A,#N/A,#N/A,10,48,37,,,
2004-02-15,F2F Morgan,,62.5,33.5,53,6.5,#N/A,#N/A,#N/A,7,,,,,
2004-03-15,F2F Morgan,,58,38,48.5,7.5,#N/A,#N/A,#N/A,6,,,,,
2004-04-01,Newspoll,,58,37,46,6,#N/A,#N/A,#N/A,11,49,38,,,
2004-04-15,F2F Morgan,,61.5,34.5,52,7,#N/A,#N/A,#N/A,6.5,,,,,
2004-05-15,F2F Morgan,,58.5,37.5,49,7.5,#N/A,#N/A,#N/A,6,,,,,
2004-06-01,Newspoll,,54,38,46,6,#N/A,#N/A,#N/A,10,49,37,,,
2004-06-15,F2F Morgan,,58.5,37,47,7.5,#N/A,#N/A,#N/A,8.5,,,,,
2004-06-16,Nielsen,,56,40,44,10,1,#N/A,2,3,57,35,,,
2004-07-15,F2F Morgan,,60,36,50.5,6.5,#N/A,#N/A,#N/A,7,,,,,
2004-08-01,Newspoll,,58,38,46,7,#N/A,#N/A,#N/A,9,51,35,,,
2004-08-15,F2F Morgan,,51.5,37,47,9,#N/A,#N/A,#N/A,7,,,,,
2004-09-15,F2F Morgan,,60,35,48,10.5,#N/A,#N/A,#N/A,6.5,,,,,
2004-10-01,Newspoll,,54,41,41,9,#N/A,#N/A,#N/A,9,50,36,,,
2004-10-15,F2F Morgan,,51.5,44.5,42.5,7.5,#N/A,#N/A,#N/A,5.5,,,,,
2004-11-15,F2F Morgan,,52.5,43,41.5,9.5,#N/A,#N/A,#N/A,6,,,,,
2004-12-01,Newspoll,,49,46,38,6,#N/A,#N/A,#N/A,10,48,38,,,
2004-12-15,F2F Morgan,,56.5,38.5,45,9,#N/A,#N/A,#N/A,7.5,,,,,
2005-01-15,F2F Morgan,,53,43,43.5,7,#N/A,#N/A,#N/A,6.5,,,,,
2005-02-01,Newspoll,,49,46,37,7,#N/A,#N/A,#N/A,10,46,39,,,
2005-02-15,F2F Morgan,,58,38,48.5,7.5,#N/A,#N/A,#N/A,6,,,,,
2005-03-15,F2F Morgan,,56.5,39,45.5,8,#N/A,#N/A,#N/A,7.5,,,,,
2005-04-01,Newspoll,,54,40,43,6,#N/A,#N/A,#N/A,11,43,42,,,
2005-04-15,F2F Morgan,,56.5,38.5,43.5,8.5,#N/A,#N/A,#N/A,9.5,,,,,
2005-05-15,F2F Morgan,,57,38.5,46.5,7,#N/A,#N/A,#N/A,8,,,,,
2005-06-01,Newspoll,,56,38,44,9,#N/A,#N/A,#N/A,9,48,39,,,
2005-06-15,F2F Morgan,,56.5,38.5,43.5,9.5,#N/A,#N/A,#N/A,8.5,,,,,
2005-07-15,F2F Morgan,,56,39.5,45.5,6.5,#N/A,#N/A,#N/A,8.5,,,,,
2005-08-01,Newspoll,,54,41,42,6,#N/A,#N/A,#N/A,11,44,41,,,
2005-08-15,F2F Morgan,,57.5,38.5,47,7,#N/A,#N/A,#N/A,7.5,,,,,
2005-09-15,F2F Morgan,,57.5,37.5,44.5,8,#N/A,#N/A,#N/A,10,,,,,
2005-10-01,Newspoll,,55,41,43,6,#N/A,#N/A,#N/A,11,46,37,,,
2005-10-15,F2F Morgan,,60.5,35,50,7,#N/A,#N/A,#N/A,8,,,,,
2005-11-15,F2F Morgan,,60,35,47.5,8.5,#N/A,#N/A,#N/A,9,,,,,
2005-11-23,Nielsen,,56,39,43,11,#N/A,#N/A,#N/A,7,53,37,,,
2005-12-01,Newspoll,,54,40,41,7,#N/A,#N/A,#N/A,12,45,39,,,
2005-12-15,F2F Morgan,,57.5,36.5,43.5,12,#N/A,#N/A,#N/A,8,,,,,
2006-01-15,F2F Morgan,,59,36,48,7.5,#N/A,#N/A,#N/A,8.5,,,,,
2006-02-01,Newspoll,,56,40,44,5,#N/A,#N/A,#N/A,11,50,36,,,
2006-02-15,F2F Morgan,,60.5,34.5,48,7.5,#N/A,#N/A,#N/A,10,,,,,
2006-03-15,F2F Morgan,,59.5,37,46,8,#N/A,#N/A,#N/A,9,,,,,
2006-04-01,Newspoll,,56,38,44,7,#N/A,#N/A,#N/A,11,51,36,,,
2006-04-15,F2F Morgan,,61.5,33.5,48.5,8,#N/A,#N/A,#N/A,10,,,,,
2006-05-03,F2F Morgan,,58.5,37,48,9.5,#N/A,#N/A,#N/A,5.5,,,,,
2006-05-17,F2F Morgan,,53.5,41.5,42,7.5,#N/A,#N/A,#N/A,9,,,,,
2006-05-23,Nielsen,,55,39,43,11,#N/A,#N/A,#N/A,7,59,30,,,
2006-06-01,Newspoll,,57,36,45,5,#N/A,#N/A,#N/A,14,50,38,,,
2006-06-15,F2F Morgan,,57.5,38,46.5,7,#N/A,#N/A,#N/A,8.5,,,,,
2006-07-15,F2F Morgan,,57.5,38.5,47,6.5,#N/A,#N/A,#N/A,8,,,,,
2006-08-01,Newspoll,,55,40,46,6,#N/A,#N/A,#N/A,8,49,34,,,
2006-08-15,F2F Morgan,,55,41,46,5.5,#N/A,#N/A,#N/A,7.5,,,,,
2006-08-19,Nielsen,,55,41,43,11,#N/A,#N/A,#N/A,5,55,32,,,
2006-08-21,Morgan Phone,,50,45,42.5,7,#N/A,#N/A,#N/A,5.5,49,,,,
2006-09-21,Morgan Phone,,52,44,41,8,#N/A,#N/A,#N/A,7,,,,,
2006-10-01,Newspoll,,54,39,43,7,#N/A,#N/A,#N/A,11,51,34,"#Nationals vote ""rose marginally"" - assuming 5%",,
2006-10-21,Galaxy,,52,44,44,7,#N/A,#N/A,#N/A,5,,,,,
2006-10-22,Nielsen,,56,40,42,13,#N/A,#N/A,#N/A,5,56,31,,,
2006-10-25,Morgan Phone,,55,38,41,12,#N/A,#N/A,#N/A,9,,,,,
2006-11-09,Newspoll,,55,40,44,8,#N/A,#N/A,#N/A,8,56,35,,,
2006-11-16,McNair,,50.5,46,39,#N/A,#N/A,#N/A,#N/A,15,,,,,
2006-11-18,Nielsen,,54,40,41,12,#N/A,#N/A,#N/A,7,,,,,
2006-11-19,Morgan Phone,,55,38,44,13.5,#N/A,#N/A,#N/A,4.5,,,,,
2006-11-22,Morgan Phone,,53,40.5,42.5,12.5,#N/A,#N/A,#N/A,4.5,,,,,
2006-11-22,Galaxy,,55,39,42,12,#N/A,#N/A,#N/A,7,,,,,
2006-11-23,Newspoll,,56,37,45,9,#N/A,#N/A,#N/A,9,52,38,Major party FP vote estimated (greens vote given in The Age news report),,
2006-11-23,Nielsen,,53,41,40,11,#N/A,#N/A,#N/A,8,56,,,,
2007-10-01,Newspoll,,56,40,49,6,#N/A,#N/A,#N/A,5,46,22,,,
2007-12-01,Newspoll,,60,34,51,9,#N/A,#N/A,#N/A,6,51,25,,,
2008-02-01,Newspoll,,56,37,43,12,#N/A,#N/A,#N/A,8,47,32,,,
2008-02-25,Nielsen,,59,37,48,10,#N/A,#N/A,#N/A,5,45,32,,,
2008-04-01,Newspoll,,58,36,44,12,#N/A,#N/A,#N/A,8,46,35,,,
2008-06-01,Newspoll,,55,38,41,14,#N/A,#N/A,#N/A,7,48,39,,,
2008-08-01,Newspoll,,54,38,41,12,#N/A,#N/A,#N/A,9,41,38,,,
2008-10-01,Newspoll,,51,41,37,15,#N/A,#N/A,#N/A,7,48,42,,,
2008-11-19,Nielsen,,55,39,44,11,#N/A,#N/A,#N/A,6,45,36,,,
2008-12-01,Newspoll,,57,37,45,13,#N/A,#N/A,#N/A,5,45,42,,,
2009-02-01,Newspoll,,60,33,46,15,#N/A,#N/A,#N/A,6,52,31,,,
2009-06-01,Newspoll,,56,37,42,14,#N/A,#N/A,#N/A,7,48,37,,,
2009-08-01,Newspoll,,56,35,43,12,#N/A,#N/A,#N/A,10,46,38,,,
2009-10-01,Newspoll,,57,35,43,15,#N/A,#N/A,#N/A,7,49,39,,,
2009-11-20,Saulwick,,58,36,50,10,#N/A,#N/A,#N/A,4,,,,,
2009-12-01,Newspoll,,57,35,41,14,#N/A,#N/A,#N/A,10,51,38,,,
2010-01-31,Nielsen,,53,39,40,14,#N/A,#N/A,#N/A,7,52,39,,,
2010-02-01,Newspoll,,54,39,39,14,#N/A,#N/A,#N/A,8,45,41,,,
2010-02-23,Morgan Phone,,49.5,44.5,37.5,11.5,#N/A,#N/A,#N/A,6.5,,,,,
2010-04-01,Newspoll,,52,41,37,14,#N/A,#N/A,#N/A,8,43,45,,,
2010-06-01,Newspoll,,51,36,34,18,#N/A,#N/A,#N/A,12,45,45,,,
2010-06-10,Morgan Phone,,49.5,41,35,13.5,#N/A,#N/A,#N/A,10.5,,,,,
2010-08-01,Newspoll,,55,36,38,17,#N/A,#N/A,#N/A,9,48,41,,,
2010-10-01,Essential,,50,44,38,12,#N/A,#N/A,#N/A,10,,,,,
2010-10-06,Galaxy,,51,43,38,14,#N/A,#N/A,#N/A,5,48,46,,,
2010-10-18,Morgan Phone,,52,42.5,40,13,#N/A,#N/A,#N/A,4.5,,,,,
2010-10-26,Newspoll,,52,40,35,19,#N/A,#N/A,#N/A,6,45,42,,,
2010-10-27,Nielsen,,53,38,38,16,#N/A,#N/A,#N/A,8,51,41,,,
2010-11-11,Nielsen,,52,40,38,16,#N/A,#N/A,#N/A,6,53,40,,,
2010-11-10,Newspoll,,51,44,37,14,#N/A,#N/A,#N/A,5,42,48,,,
2010-11-17,Morgan Phone,,52.5,41.5,39,15.5,#N/A,#N/A,#N/A,4,38,43,,,
2010-11-18,Galaxy,,51,42,36,16,#N/A,#N/A,#N/A,6,,,,,
2010-11-21,JWS Research,,50.1,39,35,19,#N/A,#N/A,#N/A,7,,,,,
2010-11-24,Galaxy,,50,44,36,14,#N/A,#N/A,#N/A,6,,,,,
2010-11-24,Morgan Phone,,49,44.5,35.5,13,#N/A,#N/A,#N/A,7,34,46.5,,,
2010-11-24,Nielsen,,48,45,34,14,#N/A,#N/A,#N/A,7,46,47,,,
2010-11-24,Newspoll,,48,45,33,15,#N/A,#N/A,#N/A,7,38,52,,,
2010-12-01,Morgan Phone,,43,46,32,14,#N/A,#N/A,#N/A,8,,,,,
2011-04-12,Morgan Phone,,43,48,31,11.5,#N/A,#N/A,#N/A,9.5,50.5,23,,,
2011-08-01,Newspoll,,43,48,28,15,#N/A,#N/A,#N/A,9,52,29,,,
2011-10-01,Newspoll,,45,47,30,15,#N/A,#N/A,#N/A,8,52,29,,,
2011-12-01,Newspoll,,49,43,34,15,#N/A,#N/A,#N/A,8,49,33,,,
2012-02-01,Newspoll,,47,45,33,14,#N/A,#N/A,#N/A,8,41,38,,,
2012-03-24,Morgan Phone,,47,45.5,35.5,12.5,#N/A,#N/A,#N/A,6.5,,,,,
2012-04-01,Newspoll,,49,42,32,17,#N/A,#N/A,#N/A,9,38,45,,,
2012-06-09,Morgan Phone,,48,44.5,33.5,15.5,#N/A,#N/A,#N/A,6.5,,,,,
2012-08-01,Newspoll,,50,41,35,13,#N/A,#N/A,#N/A,11,32,50,,,
2012-08-11,Morgan Phone,,47,47,34,11,#N/A,#N/A,#N/A,8,,,,,
2012-10-01,Newspoll,,55,37,41,13,#N/A,#N/A,#N/A,9,31,53,,,#Greens vote estimated from TPP
2012-11-21,JWS Research,,47.9,48,38,9,#N/A,#N/A,#N/A,5,,,,,
2012-11-24,Essential,,50,43,39,11,#N/A,#N/A,#N/A,7,,,,,
2012-12-01,Newspoll,,55,36,38,16,#N/A,#N/A,#N/A,10,33,48,,,
2013-01-25,ReachTEL,,#N/A,37.9,36.8,12.4,#N/A,#N/A,#N/A,12.9,24.9,51.4,,,
2013-02-01,Newspoll,,53,39,38,15,#N/A,#N/A,#N/A,8,31,53,,,
2013-02-22,ReachTEL,,#N/A,44.2,34.9,12.6,#N/A,#N/A,#N/A,8.3,,,,,
2013-03-06,ReachTEL,,49,44.9,36.9,12.3,#N/A,#N/A,#N/A,5.9,,,,,
2013-03-08,Nielsen,,52,41,37,13,#N/A,#N/A,#N/A,9,,,,,
2013-03-15,Essential,,48,45,36,12,#N/A,#N/A,#N/A,7,,,,,
2013-04-01,Newspoll,,50,43,37,12,#N/A,#N/A,#N/A,8,50,19,,,
2013-04-12,ReachTEL,,#N/A,49.5,35.3,11.5,#N/A,#N/A,#N/A,3.7,40.6,21.8,,,
2013-05-16,Essential,,53,38,40,10,#N/A,#N/A,#N/A,12,,,,,
2013-06-01,ReachTEL,,#N/A,43.6,32.5,13.6,#N/A,#N/A,#N/A,10.4,,,,,
2013-06-01,Newspoll,,49,43,35,12,#N/A,#N/A,#N/A,10,53,26,,,
2013-08-01,Newspoll,,51,41,38,13,#N/A,#N/A,#N/A,8,53,31,,,
2013-10-01,Newspoll,,53,39,38,14,#N/A,#N/A,#N/A,9,42,36,,,
2013-11-16,Essential,,52,41,38,13,#N/A,#N/A,#N/A,8,,,,,
2013-11-22,ReachTEL,,51,43.4,35.8,11,#N/A,#N/A,#N/A,9.9,,,,,
2013-11-23,Nielsen,,52,40,38,13,#N/A,#N/A,#N/A,9,,,,,
2013-12-15,Essential,,52,43,40,9,#N/A,#N/A,#N/A,9,,,,,
2014-01-15,Essential,,52,40,40,11,#N/A,2,#N/A,6,,,,,
2014-02-15,Essential,,55,37,42,12,#N/A,2,#N/A,6,,,,,
2014-02-27,Nielsen,,53,41,37,13,#N/A,#N/A,#N/A,9,51,32,,,
2014-02-27,Galaxy,,51,42,39,12,#N/A,#N/A,#N/A,7,,,,,
2014-02-27,Newspoll,,53,38,39,13,#N/A,#N/A,#N/A,10,43,46,,,
2014-03-15,Essential,,50,42,39,9,#N/A,2,#N/A,8,,,,,
2014-04-15,Essential,,51,42,39,11,#N/A,2,#N/A,6,,,,,
2014-05-15,Essential,,53,38,40,10,#N/A,4,#N/A,8,,,,,
2014-06-01,Newspoll,,54,37,38,16,#N/A,#N/A,#N/A,9,44,40,,,
2014-06-15,Essential,,52,41,40,10,#N/A,3,#N/A,6,,,,,
2014-06-21,Nielsen,,56,37,42,14,#N/A,#N/A,#N/A,7,48,37,,,
2014-07-16,Essential,,53,39,41,10,#N/A,4,#N/A,6,,,,,
2014-07-19,Nielsen,,51,41,35,16,#N/A,#N/A,#N/A,8,54,34,,,
2014-08-01,Newspoll,,55,35,37,16,#N/A,#N/A,#N/A,12,40,43,,,
2014-08-15,Galaxy,,52,40,38,12,#N/A,#N/A,#N/A,10,,,,,
2014-08-16,Essential,,52,40,39,11,#N/A,4,#N/A,6,,,,,
2014-09-15,Essential,,52,39,39,11,#N/A,3,#N/A,8,,,,,
2014-09-28,SMS Morgan,,54,37.5,34,18,#N/A,#N/A,#N/A,10.5,,,#Victorian National Parks Association poll,,
2014-10-12,Essential,,54,38,38,16.5,#N/A,#N/A,#N/A,7.5,,,,,
2014-10-15,Essential,,52,39,38,12,#N/A,2,#N/A,9,,,,,
2014-10-23,Galaxy,,52,40,38,13,#N/A,#N/A,#N/A,9,,,,,
2014-10-24,ReachTEL,,53,38.6,37.5,13.3,#N/A,#N/A,#N/A,10.6,29.5,38.5,,,
2014-10-26,SMS Morgan,,52.5,37.5,34,18.5,#N/A,#N/A,#N/A,10,,,,,
2014-10-27,Ipsos,,53,39,37,17,#N/A,#N/A,#N/A,9,47,38,,,
2014-10-29,Newspoll,,54,39,41,13,#N/A,#N/A,#N/A,7,46,41,,,
2014-11-08,Ipsos,,53,39,39,16,#N/A,#N/A,#N/A,6,46,37,,,
2014-11-11,SMS Morgan,,53.5,38,36,18.5,#N/A,#N/A,#N/A,7.5,,,,,
2014-11-13,Essential,,53,40,39,13,#N/A,#N/A,#N/A,8,,,,,
2014-11-14,SMS Morgan,,55,35,35.5,19.5,#N/A,#N/A,#N/A,10,,,,,
2014-11-19,Galaxy,,52,40,39,13,#N/A,#N/A,#N/A,8,,,,,
2014-11-23,SMS Morgan,,52,39.5,33.5,17.5,#N/A,#N/A,#N/A,9.5,,,,,
2014-11-25,Galaxy,,52,40,39,13,#N/A,#N/A,#N/A,8,,,,,
2014-11-26,Newspoll,,52,40,39,12,#N/A,#N/A,#N/A,9,41,45,,,
2014-11-26,Ipsos,,50,42,35,15,#N/A,#N/A,#N/A,8,49,40,,,
2014-11-27,SMS Morgan,,50,44.5,36,13.5,#N/A,#N/A,#N/A,6,,,,,
2014-11-27,ReachTEL,,52,39.7,38.3,13.5,#N/A,#N/A,#N/A,8.5,,,,,
2015-01-27,SMS Morgan,,59,35,45,11.5,#N/A,#N/A,#N/A,8.5,,,,,
2015-02-14,SMS Morgan,,54.5,39.5,41.5,11.5,#N/A,#N/A,#N/A,7.5,,,,,
2015-03-26,SMS Morgan,,56,38,43,12,#N/A,#N/A,#N/A,6.5,,,,,
2015-04-12,SMS Morgan,,54,40,41,11.5,#N/A,#N/A,#N/A,7.5,,,,,
2015-05-23,SMS Morgan,,56.5,38.5,43.5,12.5,#N/A,#N/A,#N/A,5.5,,,,,
2015-06-01,Newspoll,,58,35,41,14,#N/A,#N/A,#N/A,10,51,32,,,
2015-06-20,SMS Morgan,,56.5,38.5,42,13,#N/A,#N/A,#N/A,6.5,,,,,
2015-08-01,SMS Morgan,,56.5,38,41,14,#N/A,#N/A,#N/A,7,,,,,
2015-08-30,SMS Morgan,,57,35.5,39,16.5,#N/A,#N/A,#N/A,9,,,,,
2015-10-12,SMS Morgan,,55.5,39,40,14.5,#N/A,#N/A,#N/A,6.5,,,,,
2015-10-15,Essential,,53,41,36,14,#N/A,#N/A,#N/A,9,,,,,
2015-11-15,Essential,,54,39,38,12,#N/A,#N/A,#N/A,10,,,,,
2015-12-01,Newspoll2,,52,43,39,12,#N/A,#N/A,#N/A,6,43,39,,,
2015-12-04,SMS Morgan,,53.5,40.5,38,13.5,#N/A,#N/A,#N/A,8,,,,,
2015-12-15,Essential,,54,40,41,10,#N/A,#N/A,#N/A,9,,,,,
2016-01-15,Essential,,54,40,39,12,#N/A,#N/A,#N/A,8,,,,,
2016-01-31,SMS Morgan,,53.5,41,39,13,#N/A,#N/A,#N/A,7,,,,,
2016-02-15,Essential,,52,43,37,13,#N/A,#N/A,#N/A,8,,,,,
2016-03-15,Essential,,53,41,39,13,#N/A,#N/A,#N/A,8,,,,,
2016-03-27,SMS Morgan,,55,39,40.5,12,#N/A,#N/A,#N/A,8.5,,,,,
2016-04-15,Essential,,53,41,38,13,#N/A,#N/A,#N/A,8,,,,,
2016-05-15,Essential,,53,41,39,11,#N/A,#N/A,#N/A,10,,,,,
2016-06-16,Essential,,52,42,38,12,#N/A,#N/A,#N/A,9,,,,,
2016-05-27,SMS Morgan,,56,38,40.5,13,#N/A,#N/A,#N/A,8.5,,,,,
2016-08-15,Essential,,53,40,38,12,#N/A,#N/A,#N/A,10,,,,,
2016-08-21,SMS Morgan,,55.5,36,37,13.5,#N/A,#N/A,#N/A,13.5,,,,,
2016-09-01,ReachTEL,,51,40.1,34.6,10.7,#N/A,#N/A,#N/A,14.6,,,,,
2016-10-01,SMS Morgan,,56.5,36,39,13,#N/A,#N/A,#N/A,12,,,,,
2016-10-15,Essential,,52,41,39,11,#N/A,#N/A,#N/A,9,,,,,
2016-11-01,Newspoll2,,53,42,40,12,#N/A,#N/A,#N/A,6,,,,,
2016-11-15,Essential,,53,41,38,11,#N/A,#N/A,#N/A,10,,,,,
2016-11-19,Galaxy,,52,42,37,12,#N/A,#N/A,#N/A,9,,,,,
2016-12-15,Essential,,53,41,38,12,#N/A,#N/A,#N/A,9,,,,,
2017-02-15,Essential,,53,40,39,11,#N/A,#N/A,#N/A,10,,,,,
2017-02-19,Galaxy,,51,41,37,10,8,#N/A,#N/A,4,,,,,
2017-03-07,ReachTEL,,46,39.8,30.3,8,#N/A,#N/A,#N/A,15.7,,,,,
2017-05-15,Essential,,53,41,38,12,#N/A,#N/A,#N/A,9,,,,,
2017-06-01,Galaxy,,47,44,33,8,#N/A,#N/A,#N/A,14,,,,,
2017-07-15,Essential,,51,44,38,11,#N/A,#N/A,#N/A,7,,,,,
2017-08-15,Essential,,52,42,40,10,#N/A,#N/A,#N/A,8,,,,,
2017-09-15,Essential,,54,39,41,10,#N/A,#N/A,#N/A,10,,,,,
2017-10-15,Essential,,53,40,38,11,#N/A,#N/A,#N/A,10,,,,,
2017-11-15,Newspoll2,,51,43,38,10,#N/A,#N/A,#N/A,9,40,47,,,
2017-11-15,Essential,,51,43,37,10,#N/A,#N/A,#N/A,11,,,,,
2017-12-15,Essential,,49,46,37,9,#N/A,#N/A,#N/A,8,,,,,
2017-12-06,Galaxy,,50,41,36,10,6,#N/A,#N/A,7,,,,,
2018-02-18,Newspoll2,,52,39,37,11,6,#N/A,#N/A,7,46,41,,,
2018-04-15,Newspoll2,,51,41,38,11,5,#N/A,#N/A,5,43,47,,,
2018-07-05,ReachTEL,,51,40.8,36.7,10.9,3.7,#N/A,#N/A,7.9,,,,,
2018-08-09,Galaxy,,51,42,38,10,5,#N/A,#N/A,5,,,,,
2018-09-15,Galaxy,,53,40,42,10,#N/A,#N/A,#N/A,8,,,,,
2018-10-03,ReachTEL,,52,39.4,37.7,10.9,#N/A,#N/A,#N/A,12,,,,,
2018-10-26,Galaxy,,53,39,40,12,#N/A,#N/A,#N/A,9,,,,,
2018-10-28,Newspoll2,,54,39,41,11,#N/A,#N/A,#N/A,9,45,40,,,
2018-11-13,ReachTEL,,56,36.8,40.4,10.3,#N/A,#N/A,#N/A,12.5,,,,,
2018-11-21,Galaxy,,53,40,40,11,#N/A,#N/A,#N/A,9,,,,,
2018-11-21,ReachTEL,,54,37.8,40.8,11,#N/A,#N/A,#N/A,10.4,,,,,
2018-11-21,Newspoll2,,53.5,40,41,11,#N/A,#N/A,#N/A,8,45,40,# split between early and on-the-day voters,,
2018-11-23,SMS Morgan,,54,33.5,39.5,12.5,#N/A,#N/A,#N/A,14.5,,,#Date estimated,,
2020-04-24,Newspoll2,,#N/A,#N/A,#N/A,#N/A,#N/A,#N/A,#N/A,#N/A,75,17,#Date estimated,,
2020-06-26,Newspoll2,,#N/A,#N/A,#N/A,#N/A,#N/A,#N/A,#N/A,#N/A,67,27,,,
2020-09-09,SMS Morgan,,#N/A,#N/A,#N/A,#N/A,#N/A,#N/A,#N/A,#N/A,70,30,,,
2020-09-16,SMS Morgan,,51.5,38.5,37,12,#N/A,#N/A,#N/A,12.5,,,,,
2020-09-15,Redbridge,,54,35.8,39.1,8,#N/A,#N/A,#N/A,17.1,,,,,
2020-09-30,SMS Morgan,,51.5,39.5,39,10,#N/A,#N/A,#N/A,11.5,61,39,,,
2020-10-13,SMS Morgan,,51.5,40,40,9,#N/A,#N/A,#N/A,11,59,41,,,
2020-10-17,Essential,,#N/A,#N/A,#N/A,#N/A,#N/A,#N/A,#N/A,#N/A,54,40,,,
2020-10-22,Ipsos,,#N/A,#N/A,#N/A,#N/A,#N/A,#N/A,#N/A,#N/A,52,33,,,
2020-11-07,Newspoll2,YouGov,55,40,44,11,#N/A,#N/A,#N/A,5,65,32,,,
2020-11-10,SMS Morgan,,58.5,34.5,45,11,#N/A,#N/A,#N/A,9.5,71,29,,,
2021-06-04,ResolvePM,,#N/A,36,37,9,#N/A,#N/A,#N/A,17,42,32,,,
2021-06-15,Redbridge,,52.4,41,37,12,#N/A,#N/A,#N/A,10,,,,,
2021-08-04,ResolvePM,,#N/A,35,40,10,#N/A,#N/A,#N/A,15,,,,,
2021-10-04,ResolvePM,,#N/A,34,38,10,#N/A,#N/A,#N/A,18,,,,,
2021-11-11,SMS Morgan,,58,31,43,11,#N/A,3,#N/A,10,60.5,39.5,,,
2021-11-17,Newspoll2,,58,36,44,11,#N/A,#N/A,#N/A,9,56,42,,,
2021-11-24,SMS Morgan,,59.5,29,45,10.5,#N/A,4,#N/A,11.5,63.5,36.5,,,
2021-12-15,ResolvePM,,#N/A,31,41,11,#N/A,#N/A,#N/A,17,,,,,
2022-04-03,ResolvePM,,#N/A,33,37,10,#N/A,#N/A,#N/A,21,,,,,
2022-07-01,SMS Morgan,,59.5,29.5,43.5,12,#N/A,2,#N/A,13,,,,,
2022-08-12,SMS Morgan,,60.5,27.5,40.5,14,#N/A,2,#N/A,16,,,,,
2022-08-24,Newspoll2,,56,36,41,13,#N/A,#N/A,#N/A,10,54,41,,,
2022-09-03,Essential,,#N/A,36.5,40.1,11.6,#N/A,#N/A,#N/A,11.8,,,,,
2022-08-15,Morgan multi-mode,,58,29,36.5,14,2,0.5,#N/A,18,,,,,
2022-09-04,ResolvePM,,#N/A,28,42,12,#N/A,#N/A,#N/A,18,,,,,
2022-09-15,Morgan multi-mode,,60,28,42,14.5,2,1,#N/A,12.5,,,,,
2022-10-15,Morgan multi-mode,,60.5,27.5,42.5,14,2,0.5,#N/A,13.5,,,,,
2022-10-23,ResolvePM,,59,31,38,12,#N/A,#N/A,#N/A,18,,,,,
2022-11-02,Newspoll2,,54,37,37,13,#N/A,#N/A,#N/A,13,51,44,,,
2022-11-05,Freshwater,,56,34,37,14,#N/A,#N/A,#N/A,15,39,48,,,
2022-11-10,SMS Morgan,,57,29,40,11.5,#N/A,0.5,#N/A,19,,,,,
2022-11-03,Redbridge,,53.5,35.5,36.7,13.2,#N/A,#N/A,#N/A,14.5,,,,,
2022-11-18,ResolvePM,,52.7,35.8,36.2,10.1,#N/A,#N/A,#N/A,17.9,,,,,
2022-11-23,SMS Morgan,,55,32.5,38,12.5,#N/A,#N/A,#N/A,17,57.5,42.5,,,
2022-11-23,Newspoll2,,54.5,35,38,12,#N/A,#N/A,#N/A,15,46,48,#Only net approval ratings available. This and subsequent polls are given assuming undecided is either 10% or 11%.,,
2023-02-01,ResolvePM,,#N/A,30,41,13,#N/A,#N/A,#N/A,17,49,41,,,
2023-04-01,ResolvePM,,#N/A,30,42,10,#N/A,#N/A,#N/A,17,46,43,,,
2023-05-20,SMS Morgan,,61.5,28.5,42,12.5,#N/A,#N/A,#N/A,17,52.5,47.5,,,
2023-06-01,ResolvePM,,#N/A,26,41,15,#N/A,#N/A,#N/A,18,45,44,,,
2023-07-20,SMS Morgan,,53,35.5,33,12.5,#N/A,#N/A,#N/A,19,45,55,,,
2023-08-01,ResolvePM,,#N/A,28,39,13,#N/A,#N/A,#N/A,20,41,48,,,
2023-09-15,Redbridge,,56.5,34,37,13,#N/A,#N/A,#N/A,16,,,,,
2023-10-01,ResolvePM,,#N/A,32,39,12,#N/A,#N/A,#N/A,17,,,,,
2023-12-01,ResolvePM,,#N/A,31,37,11,#N/A,#N/A,#N/A,20,,,,,
2023-12-15,Redbridge,,55.8,36,37,13,#N/A,#N/A,#N/A,14,,,,,
