MidDate,Firm,Brand,@TPP,LNP FP,ALP FP,GRN FP,ONP FP,KAP FP,UAP FP,OTH FP,GLApp,GLDis,Comments
1985-12-15,Newspoll,,#N/A,53,43,#N/A,#N/A,#N/A,#N/A,4,48,46,
1986-02-15,Newspoll,,#N/A,56,40,#N/A,#N/A,#N/A,#N/A,4,49,41,
1986-05-15,Newspoll,,#N/A,56,41,#N/A,#N/A,#N/A,#N/A,3,50,44,
1986-08-15,Newspoll,,#N/A,56,40,#N/A,#N/A,#N/A,#N/A,4,48,47,
1986-10-04,Newspoll,,#N/A,52,45,#N/A,#N/A,#N/A,#N/A,3,43,50,
1986-10-28,Newspoll,,#N/A,54.5,41.5,#N/A,#N/A,#N/A,#N/A,4,44,51,
1986-12-15,Newspoll,,#N/A,58,39,#N/A,#N/A,#N/A,#N/A,3,51,44,
1987-02-15,Newspoll,,#N/A,54,42,#N/A,#N/A,#N/A,#N/A,4,45,50,
1987-05-15,Newspoll,,#N/A,56,40,#N/A,#N/A,#N/A,#N/A,4,45,50,
1987-08-15,Newspoll,,#N/A,53,42,#N/A,#N/A,#N/A,#N/A,5,34,60,
1987-10-15,Newspoll,,#N/A,49,45,#N/A,#N/A,#N/A,#N/A,6,31,62,
1987-11-20,Newspoll,,#N/A,56,39,#N/A,#N/A,#N/A,#N/A,5,28,68,#69-14 satisfaction for Ahern
1988-02-15,Newspoll,,#N/A,53,40,#N/A,#N/A,#N/A,#N/A,7,63,17,
1988-05-15,Newspoll,,#N/A,52,40,#N/A,#N/A,#N/A,#N/A,8,49,36,
1988-08-15,Newspoll,,#N/A,51,42,#N/A,#N/A,#N/A,#N/A,7,52,39,
1988-11-19,Newspoll,,#N/A,46,46,#N/A,#N/A,#N/A,#N/A,8,47,41,
1989-02-15,Newspoll,,#N/A,48,45,#N/A,#N/A,#N/A,#N/A,7,37,50,
1989-05-15,Newspoll,,#N/A,45,48,#N/A,#N/A,#N/A,#N/A,7,43,50,
1989-08-15,Newspoll,,#N/A,47,44,#N/A,#N/A,#N/A,#N/A,9,36,55,
1989-11-11,Newspoll,,#N/A,46,50,#N/A,#N/A,#N/A,#N/A,4,33,47,
1989-11-30,Newspoll,,#N/A,45.5,47.5,#N/A,#N/A,#N/A,#N/A,7,33,52,
1992-02-15,Newspoll,,#N/A,41,51,#N/A,#N/A,#N/A,#N/A,8,74,20,
1992-05-15,Newspoll,,#N/A,38,53,#N/A,#N/A,#N/A,#N/A,9,73,20,
1992-08-15,Newspoll,,#N/A,36,55,#N/A,#N/A,#N/A,#N/A,9,75,18,
1992-09-09,Newspoll,,#N/A,42,51,#N/A,#N/A,#N/A,#N/A,7,65,28,
1992-09-16,Newspoll,,#N/A,43,49,#N/A,#N/A,#N/A,#N/A,8,61,32,
1992-11-15,Newspoll,,#N/A,35,53,#N/A,#N/A,#N/A,#N/A,12,75,18,
1993-02-15,Newspoll,,#N/A,39,51,#N/A,#N/A,#N/A,#N/A,10,72,21,
1993-05-15,Newspoll,,#N/A,42,48,#N/A,#N/A,#N/A,#N/A,10,68,25,
1993-08-15,Newspoll,,#N/A,45,45,#N/A,#N/A,#N/A,#N/A,10,64,29,
1993-11-15,Newspoll,,#N/A,48,42,#N/A,#N/A,#N/A,#N/A,10,64,27,
1994-02-15,Newspoll,,#N/A,41,49,#N/A,#N/A,#N/A,#N/A,10,74,18,
1994-05-15,Newspoll,,#N/A,39,51,#N/A,#N/A,#N/A,#N/A,10,70,21,
1994-08-15,Newspoll,,#N/A,45,45,#N/A,#N/A,#N/A,#N/A,10,67,23,
1994-11-15,Newspoll,,#N/A,39,51,#N/A,#N/A,#N/A,#N/A,10,73,22,
1995-02-15,Newspoll,,#N/A,45,45,#N/A,#N/A,#N/A,#N/A,10,66,24,
1995-05-15,Newspoll,,#N/A,42,47,#N/A,#N/A,#N/A,#N/A,11,68,23,
1995-07-01,Newspoll,,#N/A,44,45,#N/A,#N/A,#N/A,#N/A,11,60,32,
1995-07-13,Newspoll,,50,45.5,45,#N/A,#N/A,#N/A,#N/A,9.5,54,38,
1995-11-15,Newspoll,,#N/A,48,42,#N/A,#N/A,#N/A,#N/A,10,57,36,
1996-02-15,Newspoll,,#N/A,49,41,#N/A,#N/A,#N/A,#N/A,10,46,13,
1996-04-01,F2F Morgan,,44,49.5,38.5,2.5,#N/A,#N/A,#N/A,9.5,,,
1996-05-15,Newspoll,,#N/A,52,40,#N/A,#N/A,#N/A,#N/A,8,52,33,
1996-05-20,F2F Morgan,,44.5,50,38.5,2.5,#N/A,#N/A,#N/A,9,,,
1996-08-15,Newspoll,,#N/A,49,42,#N/A,#N/A,#N/A,#N/A,9,45,42,
1996-11-15,Newspoll,,#N/A,46,41,#N/A,#N/A,#N/A,#N/A,13,39,48,
1997-02-15,Newspoll,,#N/A,41,44,#N/A,#N/A,#N/A,#N/A,15,41,45,
1997-05-15,Newspoll,,#N/A,41,41,#N/A,#N/A,#N/A,#N/A,18,43,42,
1997-08-15,Newspoll,,#N/A,41,40,#N/A,#N/A,#N/A,#N/A,19,43,46,
1997-11-15,Newspoll,,#N/A,38,43,#N/A,#N/A,#N/A,#N/A,19,47,41,
1998-02-15,Newspoll,,#N/A,39,41,2,5,#N/A,#N/A,13,46,41,
1998-03-27,Morgan Phone,,52,37,29,3,13.5,#N/A,#N/A,7.5,,,
1998-05-15,Newspoll,,#N/A,39,41,2,10,#N/A,#N/A,8,46,41,
1998-05-30,Newspoll,,#N/A,34,44,2,15,#N/A,#N/A,5,39,47,
1998-06-07,Morgan Phone,,54,30,41,3.5,18.5,#N/A,#N/A,7,,,
1998-06-11,Morgan Phone,,51.5,32,40,2.5,20,#N/A,#N/A,5.5,,,
1998-06-11,Newspoll,,53,33,41.5,2.5,18.5,#N/A,#N/A,4.5,37,50,
1998-06-11,Nielsen,,#N/A,29,36,#N/A,22,#N/A,#N/A,8,,,
1998-08-03,F2F Morgan,,61,26.5,48,2.5,18.5,#N/A,#N/A,4.5,,,
1998-10-01,F2F Morgan,,57.5,33,46,2,12.5,#N/A,#N/A,6.5,,,
1998-11-25,F2F Morgan,,58,33,47.5,2.5,10,#N/A,#N/A,4,,,
1999-02-03,F2F Morgan,,57.5,35,47,2.5,8,#N/A,#N/A,4,,,
1999-02-15,Newspoll,,#N/A,39,48,3,5,#N/A,#N/A,5,64,18,
1999-04-01,F2F Morgan,,58.5,33.5,49.5,2.5,7,#N/A,#N/A,7.5,,,
1999-05-15,Newspoll,,#N/A,40,47,2,5,#N/A,#N/A,6,62,21,
1999-05-30,F2F Morgan,,59,31.5,50,2.5,7.5,#N/A,#N/A,8.5,,,
1999-08-01,F2F Morgan,,58.5,34.5,49,3.5,7,#N/A,#N/A,7,,,
1999-08-15,Newspoll,,#N/A,40,48,2,3,#N/A,#N/A,7,65,20,
1999-10-01,F2F Morgan,,57,34.5,48.5,1.5,6.5,#N/A,#N/A,9,,,
1999-11-15,Newspoll,,#N/A,44,45,2,3,#N/A,#N/A,6,62,21,
1999-12-01,F2F Morgan,,59,33.5,49,3,6,#N/A,#N/A,8.5,,,
2000-02-01,F2F Morgan,,60.5,32.5,52,2,4,#N/A,#N/A,9.5,,,
2000-02-15,Newspoll,,#N/A,39,47,2,2,#N/A,#N/A,10,63,20,
2000-04-01,F2F Morgan,,57,35.5,48,2.5,4,#N/A,#N/A,10,,,
2000-05-15,Newspoll,,#N/A,37,50,2,2,#N/A,#N/A,9,65,20,
2000-06-01,F2F Morgan,,62.5,28.5,52.5,3,5.5,#N/A,#N/A,10.5,,,
2000-08-01,F2F Morgan,,58,34,49,1.5,6,#N/A,#N/A,9.5,,,
2000-08-15,Newspoll,,#N/A,38,49,3,3,#N/A,#N/A,7,61,24,
2000-10-01,F2F Morgan,,60.5,33.5,51,2,4.5,#N/A,#N/A,9,,,
2000-11-15,Newspoll,,#N/A,39,43,3,3,#N/A,#N/A,12,62,26,
2000-12-01,F2F Morgan,,61,32.5,51.5,2.5,4,#N/A,#N/A,9.5,,,
2001-01-24,F2F Morgan,,61.5,34,53,2,3,#N/A,#N/A,8,,,
2001-01-31,Newspoll,,#N/A,34,52,3,4,#N/A,#N/A,7,61,24,
2001-02-15,Newspoll,,#N/A,26,49,2,12,#N/A,#N/A,11,59,29,
2001-04-01,F2F Morgan,,67.5,24,56,2,9,#N/A,#N/A,9,,,
2001-06-01,F2F Morgan,,68.5,24,55.5,2.5,7.5,#N/A,#N/A,10.5,,,
2001-08-01,F2F Morgan,,65,25.5,51.5,3.5,8,#N/A,#N/A,12,,,
2001-08-15,Newspoll,,#N/A,32,51,2,5,#N/A,#N/A,10,73,16,
2001-10-01,F2F Morgan,,63,28,54,3,5,#N/A,#N/A,10,,,
2001-11-15,Newspoll,,#N/A,38,48,4,3,#N/A,#N/A,7,72,18,
2001-12-01,F2F Morgan,,60,33,51,4,4,#N/A,#N/A,8,,,
2002-02-01,F2F Morgan,,60.5,31.5,52.5,4,4,#N/A,#N/A,8,,,
2002-02-15,Newspoll,,#N/A,35,45,2,3,#N/A,#N/A,15,70,13,
2002-04-01,F2F Morgan,,64,30,54.5,3.5,4,#N/A,#N/A,8,,,
2002-05-15,Newspoll,,#N/A,33,47,3,2,#N/A,#N/A,15,70,17,
2002-06-01,F2F Morgan,,64,30.5,55.5,4.5,2.5,#N/A,#N/A,7,,,
2002-08-01,F2F Morgan,,65,29.5,57.5,3,2,#N/A,#N/A,8,,,
2002-08-15,Newspoll,,#N/A,34,47,3,1,#N/A,#N/A,15,61,23,
2002-10-01,F2F Morgan,,62.5,31,53.5,5,2.5,#N/A,#N/A,8,,,
2002-11-15,Newspoll,,#N/A,34,49,4,1,#N/A,#N/A,12,69,15,
2002-12-01,F2F Morgan,,60.5,32,51,5.5,2,#N/A,#N/A,9,,,
2003-02-01,F2F Morgan,,61,31.5,53,5,2.5,#N/A,#N/A,8,,,
2003-02-15,Newspoll,,#N/A,31,53,3,1,#N/A,#N/A,12,67,18,
2003-04-01,F2F Morgan,,64.5,28.5,57,6,1.5,#N/A,#N/A,7,,,
2003-05-15,Newspoll,,#N/A,38,45,3,1,#N/A,#N/A,13,67,21,
2003-06-01,F2F Morgan,,63,30.5,56,4,1.5,#N/A,#N/A,8,,,
2003-08-01,F2F Morgan,,60.5,32,53,3.5,2.5,#N/A,#N/A,9,,,
2003-08-15,Newspoll,,#N/A,36,45,3,3,#N/A,#N/A,13,61,25,
2003-10-01,F2F Morgan,,62.5,30,53.5,4.5,4,#N/A,#N/A,8,,,
2003-11-12,F2F Morgan,,59.5,30,53.2,5,6,#N/A,#N/A,6.5,,,
2003-11-15,Newspoll,,#N/A,35,46,4,3,#N/A,#N/A,12,64,23,
2004-01-15,F2F Morgan,,#N/A,32,51.5,4,5,#N/A,#N/A,7.5,,,
2004-01-15,TNS,,,36.14457831,45.78313253,7.228915663,4.819277108,#N/A,#N/A,6.024096386,,,
2004-01-22,Newspoll,,60,36,50,4,2,#N/A,#N/A,8,65,26,
2004-01-23,TNS,,59,34.88372093,48.8372093,5.813953488,3.488372093,#N/A,#N/A,6.976744186,,,
2004-01-30,TNS,,58,28,39,#N/A,#N/A,#N/A,#N/A,#N/A,,,#Date estimated
2004-02-05,Newspoll,,59,33,50,5,3,#N/A,#N/A,9,59,33,
2004-04-01,F2F Morgan,,61.5,33,53,6,2.5,#N/A,#N/A,5.5,,,
2004-06-01,F2F Morgan,,65,30,56.5,5.5,2.5,#N/A,#N/A,5.5,,,
2004-08-01,F2F Morgan,,64,31.5,56,4,2.5,#N/A,#N/A,6,,,
2004-10-01,F2F Morgan,,59.5,33,52,5.5,3,#N/A,#N/A,6.5,,,
2004-11-15,Newspoll,,52,41,43,3,1,#N/A,#N/A,12,62,24,
2004-12-01,F2F Morgan,,58,34.5,49.5,6,2,#N/A,#N/A,5,,,
2005-02-01,F2F Morgan,,59.5,32.5,51.5,4.5,2.5,#N/A,#N/A,6.5,,,
2005-02-15,Newspoll,,55,38,46,5,0,#N/A,#N/A,11,60,24,
2005-04-01,F2F Morgan,,61.5,32,53,6,2,#N/A,#N/A,4.5,,,
2005-05-15,Newspoll,,56,37,47,3,0,#N/A,#N/A,13,61,27,
2005-06-01,F2F Morgan,,58.5,33.5,51,4.5,2,#N/A,#N/A,5.5,,,
2005-08-01,Newspoll,,50,42,40,3,1,#N/A,#N/A,14,53,36,
2005-08-01,F2F Morgan,,61.5,31.5,53,5,1.5,#N/A,#N/A,7,,,
2005-09-01,Newspoll,,50,42,41,4,0,#N/A,#N/A,13,46,42,
2005-10-01,F2F Morgan,,56.5,35.5,49,5.5,2.5,#N/A,#N/A,5.5,,,
2005-11-15,Newspoll,,50,43,40,3,0,#N/A,#N/A,14,45,44,
2005-12-01,F2F Morgan,,59,34.5,49.5,5.5,2,#N/A,#N/A,6,,,
2006-02-01,F2F Morgan,,58,34,48.5,6.5,2,#N/A,#N/A,6.5,,,
2006-02-01,TNS,,48,#N/A,#N/A,#N/A,#N/A,#N/A,#N/A,#N/A,33,42,
2006-02-16,Newspoll,,50,42,40,4,0,#N/A,#N/A,14,40,47,
2006-04-01,F2F Morgan,,59.5,34.5,50,5.5,1.5,#N/A,#N/A,6,,,
2006-05-15,Newspoll,,52,39,41,4,1,#N/A,#N/A,15,46,40,
2006-06-01,F2F Morgan,,60,33.5,50.5,4.5,1.5,#N/A,#N/A,7,,,
2006-06-01,TNS,,52,#N/A,#N/A,#N/A,#N/A,#N/A,#N/A,#N/A,,,
2006-08-01,Newspoll,,54,38,45,2,0,#N/A,#N/A,15,46,41,
2006-08-01,F2F Morgan,,58.5,36,49.5,4,1,#N/A,#N/A,7,,,
2006-08-10,Galaxy,,49,43,42,#N/A,#N/A,#N/A,#N/A,15,,,
2006-08-17,Galaxy,,53,#N/A,#N/A,#N/A,#N/A,#N/A,#N/A,#N/A,,,
2006-08-24,Galaxy,,54,40,47,#N/A,#N/A,#N/A,#N/A,13,,,
2006-08-27,Newspoll,,58,36,52,2,0,#N/A,#N/A,10,44,43,
2006-09-30,TNS,,55,36.58536585,43.90243902,4.87804878,2.43902439,#N/A,#N/A,12.19512195,,,
2006-09-07,Newspoll,,55,38,48,4,1,#N/A,#N/A,9,46,46,
2006-09-07,Galaxy,,56.5,38,48,#N/A,#N/A,#N/A,#N/A,14,,,
2006-09-07,Morgan Phone,,53,39,45,8,0.5,#N/A,#N/A,7.5,,,
2006-11-16,Galaxy,,54,35,42,12,#N/A,#N/A,#N/A,11,,,
2006-12-01,F2F Morgan,,60.5,32.5,52.5,5.5,1.5,#N/A,#N/A,8,,,
2007-05-15,Newspoll,,61,31,51,6,#N/A,#N/A,#N/A,12,46,41,
2007-06-07,Galaxy,,57,37,46,11,#N/A,#N/A,#N/A,6,,,
2007-08-15,Newspoll,,59,33,50,5,#N/A,#N/A,#N/A,12,44,43,
2007-08-27,Newspoll,,58,36,52,2,#N/A,#N/A,#N/A,10,59,16,
2007-09-20,Galaxy,,57,37,48,7,#N/A,#N/A,#N/A,8,,,
2007-11-15,Newspoll,,59,35,50,6,#N/A,#N/A,#N/A,9,59,16,
2008-01-10,Galaxy,,55,39,46,8,#N/A,#N/A,#N/A,7,,,
2008-02-15,Newspoll,,60,32,50,8,#N/A,#N/A,#N/A,10,64,17,
2008-02-27,Galaxy,,61,32,52,9,#N/A,#N/A,#N/A,7,,,
2008-05-15,Newspoll,,55,38,43,10,#N/A,#N/A,#N/A,9,62,25,
2008-06-19,Galaxy,,52,42,43,9,#N/A,#N/A,#N/A,6,,,
2008-08-01,Galaxy,,53,40,44,#N/A,#N/A,#N/A,#N/A,16,,,
2008-08-15,Newspoll,,51,38,43,9,#N/A,#N/A,#N/A,11,54,28,
2008-09-28,Galaxy,,52,42,43,#N/A,#N/A,#N/A,#N/A,15,,,
2008-11-15,Newspoll,,57,37,45,8,#N/A,#N/A,#N/A,10,50,36,
2009-02-01,Newspoll,,53,42,41,7,#N/A,#N/A,#N/A,10,52,34,
2009-02-25,Galaxy,,50,43,42,8,#N/A,#N/A,#N/A,7,,,
2009-02-27,Galaxy,,49,44,41,8,#N/A,#N/A,#N/A,7,,,#Date unclear
2009-03-04,Newspoll,,49,43,41,8,#N/A,#N/A,#N/A,8,45,43,
2009-03-12,Galaxy,,49,43,40,9,#N/A,#N/A,#N/A,8,,,
2009-03-19,Newspoll,,49.9,42.1,41.7,7.4,#N/A,#N/A,#N/A,8.8,46,44,
2009-06-19,Galaxy,,45,47,36,#N/A,#N/A,#N/A,#N/A,17,,,
2009-07-31,Galaxy,,41,48,30,12,#N/A,#N/A,#N/A,10,33,64,
2009-09-12,Galaxy,,46,43,35,#N/A,#N/A,#N/A,#N/A,22,,,
2009-10-30,Galaxy,,45,#N/A,#N/A,15,#N/A,#N/A,#N/A,#N/A,30,,
2009-12-01,Galaxy,,46,43,34,#N/A,#N/A,#N/A,#N/A,23,32,62,
2010-02-12,Galaxy,,41,48,31,13,#N/A,#N/A,#N/A,8,28,64,
2010-03-18,Morgan Phone,,44.5,46.5,34.5,9.5,#N/A,#N/A,#N/A,9.5,,,
2010-06-05,Galaxy,,45,44,32,16,#N/A,#N/A,#N/A,8,25,69,
2010-08-15,Newspoll,,43,44,29,14,#N/A,#N/A,#N/A,13,26,65,
2010-10-01,Essential,,41,50,29,9,#N/A,#N/A,#N/A,12,,,
2010-11-15,Newspoll,,41,45,26,13,#N/A,#N/A,#N/A,16,24,67,
2010-11-25,Galaxy,,40,48,28,16,#N/A,#N/A,#N/A,8,25,70,
2011-02-15,Newspoll,,52,37,38,10,#N/A,#N/A,#N/A,15,49,43,
2011-02-18,Galaxy,,45,46,35,12,#N/A,#N/A,#N/A,7,60,,
2011-03-25,Galaxy,,45,47,36,10,#N/A,#N/A,#N/A,7,,,
2011-04-10,Morgan Phone,,38.5,50.5,29,7.5,#N/A,#N/A,#N/A,13,,,
2011-05-16,Newspoll,,40,51,31,7,#N/A,#N/A,#N/A,11,40,50,
2011-05-20,Galaxy,,39,52,30,#N/A,#N/A,#N/A,#N/A,18,,,
2011-08-15,Newspoll,,39,50,27,8,#N/A,#N/A,#N/A,15,38,52,
2011-08-25,Galaxy,,37,52,28,#N/A,#N/A,#N/A,#N/A,20,40,56,
2011-11-15,Newspoll,,44,44,31,10,#N/A,#N/A,#N/A,15,39,50,
2011-11-18,Galaxy,,38,50,28,10,#N/A,4,#N/A,8,40,53,
2012-01-25,Galaxy,,41,49,32,10,#N/A,4,#N/A,5,43,50,
2012-02-15,Newspoll,,42,47,30,9,#N/A,5,#N/A,9,41,50,
2012-02-15,Galaxy,,40,49,30,11,#N/A,5,#N/A,5,43,52,
2012-03-15,Galaxy,,40,47,30,9,#N/A,8,#N/A,6,36,61,
2012-03-21,Morgan Phone,,38,51,28,7.5,#N/A,8.5,#N/A,5,,,
2012-03-21,Newspoll,,39.2,50,28,6,#N/A,9,#N/A,7,36,51,
2012-05-22,Galaxy,,33,54,23,10,#N/A,7,#N/A,6,64,19,
2012-06-09,Morgan Phone,,38,54.5,28,7.5,#N/A,3.5,#N/A,6.5,,,
2012-07-02,ReachTEL,,#N/A,56.5,21.8,9.4,#N/A,7.4,#N/A,4.8,,,
2012-07-15,Morgan Phone,,38,54.5,28,7.5,#N/A,3.5,#N/A,6.5,,,
2012-08-11,Morgan Phone,,41,51,27.5,7.5,#N/A,5,#N/A,9,,,
2012-08-15,Newspoll,,40,48,30,9,#N/A,1,#N/A,12,47,38,
2012-08-14,ReachTEL,,43.5,44.2,31.6,9.2,#N/A,9.4,#N/A,5.6,,,
2012-08-24,Galaxy,,40,48,30,9,#N/A,7,#N/A,6,44,49,
2012-09-14,ReachTEL,,45,44.7,34.7,7,#N/A,9.4,#N/A,4.2,,,
2012-10-14,ReachTEL,,#N/A,44.6,30.5,7.5,#N/A,11,#N/A,6.4,41.4,48.5,
2012-11-15,Newspoll,,44,42,31,8,#N/A,4,#N/A,15,38,48,
2012-11-23,ReachTEL,,46,42,34.2,9.5,#N/A,8.9,#N/A,5.4,36.1,47.8,
2012-11-23,Galaxy,,44,44,33,#N/A,#N/A,#N/A,#N/A,23,43,48,
2012-12-01,Essential,,47,41,35,8,#N/A,7,#N/A,9,,,
2012-12-14,ReachTEL,,45,41.9,32.1,8.2,#N/A,12.1,#N/A,5.7,38.2,51,
2013-01-18,ReachTEL,,46,42.5,34.9,8.4,#N/A,10.5,#N/A,3.7,37.7,48.1,
2013-02-15,Newspoll,,38,49,27,7,#N/A,3,#N/A,15,42,45,
2013-02-22,ReachTEL,,40,47.1,28.9,7.9,#N/A,11.5,#N/A,3.6,,,
2013-02-22,Galaxy,,45,43,34,#N/A,#N/A,#N/A,#N/A,23,42,52,
2013-03-15,Essential,,42,45,29,10,#N/A,7,#N/A,9,,,
2013-03-22,ReachTEL,,#N/A,47.8,30.2,8,#N/A,10.1,#N/A,3.9,,,
2013-04-19,ReachTEL,,#N/A,45.1,29.2,7.7,#N/A,12.7,#N/A,5.4,,,
2013-05-15,Newspoll,,41,44,29,10,#N/A,3,#N/A,14,41,46,
2013-05-22,Galaxy,,43,44,32,8,#N/A,8,#N/A,8,44,50,
2013-05-22,ReachTEL,,#N/A,44.6,28.5,9,#N/A,10.4,#N/A,7.8,,,
2013-07-10,ReachTEL,,47,43.3,37,5.1,#N/A,5.7,4.5,4.4,,,
2013-08-09,Galaxy,,43,47,34,7,#N/A,6,#N/A,6,44,49,
2013-11-14,Galaxy,,43,45,33,8,#N/A,5,#N/A,9,43,49,
2013-11-15,Newspoll,,45,40,32,8,#N/A,2,#N/A,18,40,48,
2013-11-15,Essential,,43,46,32,7,#N/A,3,6,6,,,
2013-12-15,Essential,,45,44,34,5,#N/A,3,9,6,,,
2014-01-15,Essential,,50,40,38,6,#N/A,3,6,7,,,
2014-02-09,Galaxy,,47,41,36,8,#N/A,#N/A,#N/A,15,40,53,
2014-02-15,Newspoll,,48,40,36,8,#N/A,1,#N/A,15,36,54,
2014-02-15,Essential,,50,39,39,8,#N/A,2,7,4,,,
2014-03-15,Essential,,47,41,34,7,#N/A,3,8,7,,,
2014-04-02,ReachTEL,,#N/A,39.1,35.1,7.3,#N/A,#N/A,8,10.5,,,
2014-04-15,Essential,,52,36,40,7,#N/A,3,8,7,,,
2014-05-15,Newspoll,,51,32,34,8,#N/A,2,#N/A,24,33,57,
2014-05-15,Essential,,47,41,36,4,#N/A,2,12,5,,,
2014-05-23,Galaxy,,45,43,34,8,#N/A,#N/A,5,10,36,57,
2014-06-05,ReachTEL,,46.4,40.9,34,5.2,#N/A,#N/A,13.6,6.3,30,49,
2014-06-16,Essential,,50,37,35,10,#N/A,2,9,7,,,
2014-07-03,ReachTEL,,49,38.7,34.4,6.1,#N/A,#N/A,15.4,5.4,,53.1,
2014-07-16,Essential,,50,38,38,8,#N/A,1,9,6,,,
2014-07-22,ReachTEL,,#N/A,37.6,34.6,6.1,#N/A,3.4,13.4,4.9,,,
2014-08-07,ReachTEL,,48,34.4,41,5.5,#N/A,#N/A,12.6,5.4,,,
2014-08-13,Galaxy,,48,39,36,7,#N/A,3,12,3,36,56,
2014-08-15,Newspoll,,46,39,32,10,#N/A,1,#N/A,18,35,54,
2014-08-16,Essential,,50,39,37,7,#N/A,2,9,6,,,
2014-09-04,ReachTEL,,49,41.2,36,6,#N/A,#N/A,9.5,7.3,,,
2014-09-16,Essential,,51,38,37,10,#N/A,3,7,6,,,
2014-09-28,SMS Morgan,,49,42,35.5,9,#N/A,#N/A,6.5,7,,,
2014-10-10,ReachTEL,,49,40.9,36.6,7.2,#N/A,#N/A,7.2,9.3,,,
2014-10-16,Essential,,50,39,38,6,#N/A,3,5,10,,,
2014-10-26,SMS Morgan,,50.5,38,38.5,10,#N/A,2,6,5.5,,,
2014-11-15,Newspoll,,50,37,36,10,#N/A,1,#N/A,16,38,51,
2014-11-19,Galaxy,,50,37,38,9,#N/A,#N/A,7,9,41,51,
2014-11-23,SMS Morgan,,49.5,36.5,39,9.5,#N/A,3.5,4,7.5,,,
2014-11-28,ReachTEL,,51,39.2,37.3,7.9,#N/A,#N/A,6.5,9.1,,,
2014-12-07,Essential,,51,38,37,10,#N/A,3,5,7,,,
2015-01-06,ReachTEL,,50,40.3,38.1,7.6,#N/A,#N/A,6.3,7.7,,,
2015-01-08,Newspoll,,47,42,37,7,#N/A,1,#N/A,13,41,51,
2015-01-08,Galaxy,,48,41,38,8,#N/A,#N/A,#N/A,13,41,52,
2015-01-17,SMS Morgan,,49.5,39.5,37,10,#N/A,3.5,4,6,,,
2015-01-18,Essential,,50,39,38,7,#N/A,#N/A,5,11,,,
2015-01-20,ReachTEL,,48,42,36.7,8.4,#N/A,#N/A,5.9,7,,,
2015-01-28,Newspoll,,48,41,37,6,#N/A,2,#N/A,14,35,58,
2015-01-28,Galaxy,,48,41,37,8,#N/A,2,4,8,,,
2015-01-29,ReachTEL,,48,41.5,37.2,7.5,#N/A,#N/A,4.4,9.4,,,
2015-02-15,SMS Morgan,,48.5,44,37.5,8,#N/A,2.5,3,5,,,
2015-03-14,SMS Morgan,,49,44,36.5,9.5,#N/A,2.5,1.5,6,,,
2015-04-09,Galaxy,,50,42,39,#N/A,#N/A,#N/A,#N/A,19,53,24,
2015-04-12,SMS Morgan,,52.5,40.5,40,9.5,#N/A,#N/A,#N/A,10,,,
2015-05-21,Galaxy,,52,39,40,9,#N/A,#N/A,#N/A,12,59,27,
2015-05-22,ReachTEL,,48,45.6,37.6,9.4,#N/A,#N/A,#N/A,7.4,40.2,34.8,
2015-05-23,SMS Morgan,,48,44,34,11,#N/A,#N/A,#N/A,11,,,
2015-06-20,SMS Morgan,,51.5,42,39.5,9.5,#N/A,#N/A,#N/A,9,,,
2015-08-01,SMS Morgan,,51,41,36,13,#N/A,4,#N/A,6,,,
2015-08-20,Galaxy,,52,39,40,10,#N/A,4,#N/A,7,57,28,
2015-08-30,SMS Morgan,,52,41.5,38.5,12,#N/A,3,#N/A,5,,,
2015-08-31,Newspoll2,,53,38,41,9,#N/A,#N/A,#N/A,12,53,33,
2015-10-12,SMS Morgan,,49,42,34.5,11.5,#N/A,4,#N/A,8,,,
2015-10-15,Essential,,49,42,40,8,#N/A,3,#N/A,8,,,
2015-11-15,Newspoll2,,52,39,41,8,#N/A,#N/A,#N/A,12,50,,
2015-11-15,Essential,,49,41,39,9,#N/A,2,#N/A,9,,,
2015-11-18,Galaxy,,49,42,37,9,#N/A,#N/A,#N/A,12,60,24,
2015-12-05,SMS Morgan,,51.5,40.5,38.5,10,#N/A,3.5,#N/A,7.5,,,
2015-12-15,Essential,,53,45,37,7,#N/A,4,#N/A,8,,,
2016-01-15,Essential,,53,39,40,8,#N/A,2,#N/A,12,,,
2016-01-31,SMS Morgan,,48,45.5,36.5,9,#N/A,3,#N/A,6,,,
2016-02-11,Galaxy,,48,43,37,9,#N/A,4,#N/A,7,51,32,
2016-02-15,Essential,,52,40,38,10,#N/A,2,#N/A,9,,,
2016-03-10,Galaxy,,49,43,39,#N/A,#N/A,#N/A,#N/A,18,,,
2016-03-16,Essential,,53,40,41,8,#N/A,2,#N/A,8,,,
2016-03-30,SMS Morgan,,52,40,37.5,12.5,#N/A,3.5,#N/A,6.5,,,
2016-04-15,Galaxy,,49,41,37,10,#N/A,#N/A,#N/A,12,,,
2016-04-15,Essential,,52,37,40,9,#N/A,4,#N/A,11,,,
2016-04-26,ReachTEL,,48,42.8,36.9,10.8,#N/A,#N/A,#N/A,9.5,37,34.6,
2016-05-13,Galaxy,,48,44,36,9,#N/A,#N/A,#N/A,11,44,39,
2016-05-15,Newspoll2,,51,40,38,#N/A,#N/A,#N/A,#N/A,22,44,42,
2016-05-15,Essential,,52,40,38,9,#N/A,2,#N/A,10,,,
2016-05-25,SMS Morgan,,50,40.5,35.5,10.5,#N/A,4.5,#N/A,9,,,
2016-06-15,Essential,,50,41,36,6,#N/A,4,#N/A,14,,,
2016-07-15,Essential,,51,41,37,7,#N/A,2,#N/A,13,,,
2016-08-04,Galaxy,,50,38,33,#N/A,16,#N/A,#N/A,13,46,31,
2016-08-15,Essential,,56,35,40,9,#N/A,1,#N/A,15,,,
2016-08-20,SMS Morgan,,50,38.5,36.5,9.5,8.5,2.5,#N/A,4.5,,,
2016-09-15,Essential,,52,37,35,8,10,1,#N/A,9,,,
2016-10-01,SMS Morgan,,52,33.5,35.5,12,10.5,3.5,#N/A,5,,,
2016-10-15,Essential,,54,35,36,9,10,2,#N/A,8,,,
2016-11-11,Galaxy,,51,37,35,8,16,#N/A,#N/A,4,44,39,
2016-11-15,Essential,,56,32,37,10,12,2,#N/A,7,,,
2016-12-15,Essential,,53,35,33,10,13,1,#N/A,7,,,
2017-02-09,Galaxy,,51,33,31,8,23,#N/A,#N/A,5,41,37,
2017-02-09,ReachTEL,,47,33.2,30.9,7,22.3,#N/A,#N/A,6.6,,,
2017-02-15,Essential,,55,31,35,10,15,1,#N/A,8,,,
2017-04-27,Galaxy,,52,34,36,7,17,#N/A,#N/A,6,47,35,
2017-05-15,Essential,,54,34,36,9,12,2,#N/A,8,,,
2017-06-02,ReachTEL,,49,35.3,31.9,9.4,17,#N/A,#N/A,6.4,,,
2017-07-15,Essential,,54,34,34,12,12,2,#N/A,7,,,
2017-08-04,Galaxy,,51,36,35,7,15,#N/A,#N/A,7,39,44,
2017-08-15,Newspoll2,,53,34,37,8,15,#N/A,#N/A,6,44,42,
2017-08-15,Essential,,55,33,37,8,14,2,#N/A,7,,,
2017-09-15,Essential,,53,35,35,10,13,2,#N/A,5,,,
2017-09-28,ReachTEL,,48,33.2,34.8,8.1,19.6,#N/A,#N/A,4.3,32.4,34,
2017-10-11,Newspoll2,,52,34,37,8,16,#N/A,#N/A,5,42,45,
2017-10-15,Essential,,48,38,33,10,13,1,#N/A,5,,,
2017-11-02,Galaxy,,52,32,35,9,18,#N/A,#N/A,6,41,42,
2017-11-11,Essential,,53,32,36,10,15,1,#N/A,6,,,
2017-11-18,ReachTEL,,51,30,34,10,17,3,#N/A,9,,,
2017-11-22,Newspoll2,,52.5,34,36,10,13,#N/A,#N/A,7,40,47,
2017-11-24,Galaxy,,52,35,37,9,12,#N/A,#N/A,7,,,
2017-12-16,Essential,,55,30,38,11,14,2,#N/A,5,,,
2018-02-08,Galaxy,,52,36,37,10,10,#N/A,#N/A,7,44,38,
2018-05-11,Galaxy,,53,35,38,10,12,#N/A,#N/A,5,46,38,
2018-08-09,Galaxy,,51,37,35,11,10,#N/A,#N/A,7,41,38,
2018-11-10,Galaxy,,53,34,36,11,10,4,#N/A,9,46,37,
2019-02-14,Galaxy,,52,35,35,11,8,4,#N/A,7,46,38,
2019-08-29,Galaxy,,49,37,32,13,13,#N/A,#N/A,5,34,43,
2020-02-06,Galaxy,,50,35,34,10,15,#N/A,#N/A,6,29,44,
2020-04-24,Newspoll2,,#N/A,#N/A,#N/A,#N/A,#N/A,#N/A,#N/A,#N/A,55,39,#Date estimated
2020-06-04,Galaxy,,48,38,32,12,12,3,#N/A,3,49,33,
2020-06-26,Newspoll2,,#N/A,#N/A,#N/A,#N/A,#N/A,#N/A,#N/A,#N/A,59,35,#Date estimated
2020-07-26,Newspoll2,,49,38,34,12,11,#N/A,#N/A,5,64,29,
2020-09-19,Newspoll2,,#N/A,#N/A,#N/A,#N/A,#N/A,#N/A,#N/A,#N/A,63,33,
2020-09-28,Newspoll2,YouGov,52,37,37,12,9,2,#N/A,3,57,27,
2020-10-12,Newspoll2,,52,37,37,11,9,#N/A,#N/A,6,63,33,
2020-10-17,Essential,,#N/A,#N/A,#N/A,#N/A,#N/A,#N/A,#N/A,#N/A,62,28,
2020-10-21,SMS Morgan,,51,35,36,10,12,2,#N/A,4.5,,,
2020-10-28,Newspoll2,,51.5,36,37,11,10,#N/A,#N/A,6,62,33,
2022-02-22,Newspoll2,,52,38,39,10,8,1,#N/A,4,50,36,
2022-06-27,Newspoll2,,50,38,34,14,10,1,#N/A,3,45,39,
2022-10-12,ResolvePM,,#N/A,35,37,11,6,1,#N/A,10,40,32,"# Very long poll period (21 August-4 December), approvals estimated from netsat"
2022-12-05,Newspoll2,,50,38,34,13,11,#N/A,#N/A,4,40,41,
2023-03-01,ResolvePM,,#N/A,33,35,12,7,1,#N/A,11,42,27,"# Very long poll period (January-April), approvals estimated from netsat"
2023-04-02,Newspoll2,,49,39,33,13,10,2,#N/A,3,33,38,
2023-07-01,Freshwater,,48,40,34,11,#N/A,#N/A,#N/A,15,38,46,# approvals estimated from netsat
2023-07-01,ResolvePM,,#N/A,38,32,11,8,1,#N/A,10,28,43,#Very long poll period (May-August)
2023-09-01,Redbridge,,45,41,26,14,9,#N/A,#N/A,10,,,
2023-10-20,Newspoll2,YouGov,48,41,33,13,8,2,#N/A,3,32,52,
2023-11-01,ResolvePM,,#N/A,37,33,12,8,0,#N/A,3,27,44,# approvals estimated from netsat
2023-12-13,ReachTEL,uComms,48,38.2,34,11.9,7.8,3.3,#N/A,4.8,38.4,25.9,
2023-12-22,ReachTEL,uComms,49,38,34.4,13.3,7.3,4,#N/A,3,42.7,27.6,#most primaries sourced from changes in subsequent poll
2024-02-20,ReachTEL,uComms,50,37.3,34.2,12.2,7.7,3.9,#N/A,4.7,44.2,25.2,"#Date estimated, 6.2% undecided redistributed among minor party voters"
