MidDate,Firm,TPP ALP,LNP FP,ALP FP,GRN FP,ONP FP,NXT FP,UAP FP,OTH FP
2004-04-14,F2F Morgan,54.5,41,45,#N/A,#N/A,#N/A,#N/A,#N/A
2004-04-17,Newspoll,53,43,42,6,#N/A,#N/A,#N/A,9
2004-04-24,Nielsen,53,42,42,#N/A,#N/A,#N/A,#N/A,#N/A
2004-04-28,F2F Morgan,53,42,44,#N/A,#N/A,#N/A,#N/A,#N/A
2004-05-01,Newspoll,52,42,42,5,#N/A,#N/A,#N/A,11
2004-05-15,Newspoll,54,41,44,5,#N/A,#N/A,#N/A,10
2004-05-22,Nielsen,56,39,43,#N/A,#N/A,#N/A,#N/A,#N/A
2004-05-26,F2F Morgan,55,40,45.5,#N/A,#N/A,#N/A,#N/A,#N/A
2004-05-29,Newspoll,47,47,37,6,#N/A,#N/A,#N/A,10
2004-06-09,F2F Morgan,53,43.5,42.5,#N/A,#N/A,#N/A,#N/A,#N/A
2004-06-19,Newspoll,52,43,43,5,#N/A,#N/A,#N/A,9
2004-06-19,Nielsen,52,43,42,#N/A,#N/A,#N/A,#N/A,#N/A
2004-07-03,Newspoll,51,43,41,6,#N/A,#N/A,#N/A,10
2004-07-03,F2F Morgan,51.5,42.5,43.5,#N/A,#N/A,#N/A,#N/A,#N/A
2004-06-10,F2F Morgan,54,41.5,46,#N/A,#N/A,#N/A,#N/A,#N/A
2004-07-17,Nielsen,52,43.7,40,#N/A,#N/A,#N/A,#N/A,#N/A
2004-07-17,Newspoll,51,43,40,7,#N/A,#N/A,#N/A,10
2004-07-21,F2F Morgan,53,41.5,42,#N/A,#N/A,#N/A,#N/A,#N/A
2004-07-24,Galaxy,49,#N/A,#N/A,#N/A,#N/A,#N/A,#N/A,#N/A
2004-07-27,Morgan Phone,54.5,#N/A,#N/A,#N/A,#N/A,#N/A,#N/A,#N/A
2004-07-31,Newspoll,50,45,40,6,#N/A,#N/A,#N/A,9
2004-08-04,F2F Morgan,53.5,40,43,8,#N/A,#N/A,#N/A,9
2004-08-07,Galaxy,46,47,36,#N/A,#N/A,#N/A,#N/A,#N/A
2004-08-14,Newspoll,54,39,42,6,#N/A,#N/A,#N/A,12
2004-08-14,Nielsen,53,39,42,9,#N/A,#N/A,#N/A,10
2004-08-18,F2F Morgan,55.5,39,43.5,9,#N/A,#N/A,#N/A,#N/A
2004-08-21,Galaxy,50,43,39,#N/A,#N/A,#N/A,#N/A,#N/A
2004-08-27,Galaxy,48,46,39,#N/A,#N/A,#N/A,#N/A,#N/A
2004-08-28,Newspoll,52,43,40,6,#N/A,#N/A,#N/A,11
2004-09-01,F2F Morgan,56,38.5,43,#N/A,#N/A,#N/A,#N/A,#N/A
2004-09-04,Newspoll,50,45,40,8,#N/A,#N/A,#N/A,7
2004-09-04,Nielsen,50,46,40,9,#N/A,#N/A,#N/A,#N/A
2004-09-11,Newspoll,50,46,40,6,#N/A,#N/A,#N/A,8
2004-09-15,Nielsen,49,48,40,#N/A,#N/A,#N/A,#N/A,#N/A
2004-09-16,Morgan Phone,54.5,#N/A,#N/A,#N/A,#N/A,#N/A,#N/A,#N/A
2004-09-18,Newspoll,52.5,43,41,7,#N/A,#N/A,#N/A,9
2004-09-18,Galaxy,49,#N/A,#N/A,#N/A,#N/A,#N/A,#N/A,#N/A
2004-09-20,F2F Morgan,53,#N/A,#N/A,#N/A,#N/A,#N/A,#N/A,#N/A
2004-09-22,Morgan Phone,48.5,#N/A,#N/A,#N/A,#N/A,#N/A,#N/A,#N/A
2004-09-25,Newspoll,52,43,40,7,#N/A,#N/A,#N/A,10
2004-09-25,F2F Morgan,50,#N/A,#N/A,#N/A,#N/A,#N/A,#N/A,#N/A
2004-09-29,Morgan Phone,47.5,#N/A,#N/A,#N/A,#N/A,#N/A,#N/A,#N/A
2004-10-02,Nielsen,48,#N/A,#N/A,#N/A,#N/A,#N/A,#N/A,#N/A
2004-10-02,Newspoll,49.5,46,39,7,#N/A,#N/A,#N/A,8
2004-10-02,F2F Morgan,51.5,#N/A,#N/A,#N/A,#N/A,#N/A,#N/A,#N/A
2004-10-02,Galaxy,48,#N/A,#N/A,#N/A,#N/A,#N/A,#N/A,#N/A
2004-10-08,Newspoll,50,45,39,7,#N/A,#N/A,#N/A,9
2004-10-08,Nielsen,46,#N/A,#N/A,#N/A,#N/A,#N/A,#N/A,#N/A
2004-10-08,Galaxy,48,#N/A,#N/A,#N/A,#N/A,#N/A,#N/A,#N/A
2004-10-13,F2F Morgan,47.5,46.5,37.5,7.5,#N/A,#N/A,#N/A,8.5
2004-11-04,F2F Morgan,49.5,44.5,39.5,8.5,#N/A,#N/A,#N/A,7.5
2004-11-17,F2F Morgan,49.5,44,39,8.5,#N/A,#N/A,#N/A,8.5
2004-11-20,Newspoll,47,46,38,6,#N/A,#N/A,#N/A,10
2004-12-01,F2F Morgan,47,46.5,36,9,#N/A,#N/A,#N/A,8.5
2004-12-04,Newspoll,45,47,33,8,#N/A,#N/A,#N/A,12
2004-12-15,F2F Morgan,47.5,45.5,36.5,9.5,#N/A,#N/A,#N/A,8.5
2004-12-18,Newspoll,48,46,39,6,#N/A,#N/A,#N/A,9
2005-01-12,F2F Morgan,47,47,37,7.5,#N/A,#N/A,#N/A,8.5
2005-01-22,Newspoll,47,46,37,7,#N/A,#N/A,#N/A,10
2005-01-26,F2F Morgan,48.5,45,38,8,#N/A,#N/A,#N/A,9
2005-02-05,Newspoll,46,48,37,6,#N/A,#N/A,#N/A,9
2005-02-09,F2F Morgan,48,45,37.5,9,#N/A,#N/A,#N/A,8.5
2005-02-19,Newspoll,47,47,38,6,#N/A,#N/A,#N/A,9
2005-02-23,F2F Morgan,48,46,38.5,7.5,#N/A,#N/A,#N/A,7.5
2005-03-05,Newspoll,48,45,37,6,#N/A,#N/A,#N/A,9
2005-03-06,F2F Morgan,52,44.5,43,7,#N/A,#N/A,#N/A,5.5
2005-03-13,F2F Morgan,48,44.5,37,10,#N/A,#N/A,#N/A,8.5
2005-03-19,Newspoll,46,47,36,6,#N/A,#N/A,#N/A,11
2005-03-23,F2F Morgan,49.5,44,39,8,#N/A,#N/A,#N/A,9
2005-04-02,Newspoll,51,43,41,5,#N/A,#N/A,#N/A,11
2005-04-06,F2F Morgan,53,40.5,43,8,#N/A,#N/A,#N/A,8.5
2005-04-16,Newspoll,49,45,39,5,#N/A,#N/A,#N/A,11
2005-04-20,F2F Morgan,51,42,40,8.5,#N/A,#N/A,#N/A,9.5
2005-04-30,Newspoll,48,46,38,6,#N/A,#N/A,#N/A,10
2005-05-04,F2F Morgan,52,42,42.5,8,#N/A,#N/A,#N/A,7.5
2005-05-14,Newspoll,49,45,40,6,#N/A,#N/A,#N/A,9
2005-05-15,F2F Morgan,50.5,43,41,8,#N/A,#N/A,#N/A,8
2005-05-25,F2F Morgan,48.5,45,39,7.5,#N/A,#N/A,#N/A,8.5
2005-05-28,Newspoll,47,47,37,5,#N/A,#N/A,#N/A,11
2005-06-08,F2F Morgan,50,43.5,39.5,7.5,#N/A,#N/A,#N/A,9.5
2005-06-18,Newspoll,49,44,37,7,#N/A,#N/A,#N/A,12
2005-06-22,F2F Morgan,50.5,42,39.5,9,#N/A,#N/A,#N/A,9.5
2005-07-02,Newspoll,50,44,39,6,#N/A,#N/A,#N/A,11
2005-07-06,F2F Morgan,51,42.5,40.5,7.5,#N/A,#N/A,#N/A,9.5
2005-07-16,Newspoll,49,45,39,5,#N/A,#N/A,#N/A,11
2005-07-30,Newspoll,51,42,41,7,#N/A,#N/A,#N/A,10
2005-08-03,F2F Morgan,48.5,41.5,42,7.5,#N/A,#N/A,#N/A,9
2005-08-13,Newspoll,51,44,39,6,#N/A,#N/A,#N/A,11
2005-08-17,F2F Morgan,53.5,39,41.5,8,#N/A,#N/A,#N/A,11.5
2005-08-27,Newspoll,51,42,40,6,#N/A,#N/A,#N/A,12
2005-08-31,F2F Morgan,48.5,44,37,8.5,#N/A,#N/A,#N/A,10.5
2005-09-10,Newspoll,51,41,39,7,#N/A,#N/A,#N/A,13
2005-09-11,F2F Morgan,53,39.5,41.5,7,#N/A,#N/A,#N/A,12
2005-09-18,F2F Morgan,47.5,44,34.5,10,#N/A,#N/A,#N/A,11.5
2005-09-24,Newspoll,47,44,34,8,#N/A,#N/A,#N/A,14
2005-09-28,F2F Morgan,50.5,42,38.5,9,#N/A,#N/A,#N/A,10.5
2005-10-08,Newspoll,49,43,37,7,#N/A,#N/A,#N/A,13
2005-10-12,F2F Morgan,53,39.5,41.5,9,#N/A,#N/A,#N/A,10
2005-10-22,Newspoll,54,37,40,9,#N/A,#N/A,#N/A,14
2005-10-26,F2F Morgan,53,39,41,9.5,#N/A,#N/A,#N/A,10.5
2005-11-05,Newspoll,51,41,39,8,#N/A,#N/A,#N/A,12
2005-11-06,F2F Morgan,54,38.5,43,9.5,#N/A,#N/A,#N/A,9
2005-11-12,F2F Morgan,49,43.5,38,9,#N/A,#N/A,#N/A,9.5
2005-11-19,Newspoll,54,39,42,7,#N/A,#N/A,#N/A,12
2005-11-23,F2F Morgan,57,35.5,45.5,9,#N/A,#N/A,#N/A,10
2005-12-03,Newspoll,54,38,42,6,#N/A,#N/A,#N/A,14
2005-12-07,F2F Morgan,54,38.5,42,10,#N/A,#N/A,#N/A,9.5
2005-12-17,Newspoll,51,41,39,7,#N/A,#N/A,#N/A,13
2005-12-18,F2F Morgan,52,39.5,39.5,10.5,#N/A,#N/A,#N/A,10.5
2006-01-11,F2F Morgan,54,39,43,8,#N/A,#N/A,#N/A,10
2006-01-14,Newspoll,48,45,37,7,#N/A,#N/A,#N/A,11
2006-01-25,F2F Morgan,50,42,38,8.5,#N/A,#N/A,#N/A,11.5
2006-01-28,Newspoll,48,44,36,7,#N/A,#N/A,#N/A,13
2006-02-05,F2F Morgan,52.5,40.5,42,8,#N/A,#N/A,#N/A,9.5
2006-02-11,Newspoll,51,41,39,5,#N/A,#N/A,#N/A,15
2006-02-15,F2F Morgan,52.5,40,40.5,8,#N/A,#N/A,#N/A,11.5
2006-02-25,Newspoll,51,41,39,7,#N/A,#N/A,#N/A,13
2006-03-01,F2F Morgan,50,43,39.5,8,#N/A,#N/A,#N/A,9.5
2006-03-11,Newspoll,47,45,35,6,#N/A,#N/A,#N/A,14
2006-03-15,F2F Morgan,49,44,38.5,8.5,#N/A,#N/A,#N/A,9
2006-03-25,Newspoll,53,41,42,4,#N/A,#N/A,#N/A,13
2006-03-29,F2F Morgan,54,39,43.5,8,#N/A,#N/A,#N/A,9.5
2006-04-08,Newspoll,52,41,39,7,#N/A,#N/A,#N/A,13
2006-04-12,F2F Morgan,54,38.5,42,9.5,#N/A,#N/A,#N/A,10
2006-04-26,F2F Morgan,51.5,40,39,8.5,#N/A,#N/A,#N/A,12.5
2006-04-29,Newspoll,49,42,37,7,#N/A,#N/A,#N/A,14
2006-05-07,F2F Morgan,53.5,39,42,9.5,#N/A,#N/A,#N/A,9.5
2006-05-13,Newspoll,50,43,39,6,#N/A,#N/A,#N/A,12
2006-05-14,F2F Morgan,51,42,40.5,7,#N/A,#N/A,#N/A,10.5
2006-05-24,F2F Morgan,51.5,42,41,7.5,#N/A,#N/A,#N/A,9.5
2006-05-27,Newspoll,52,40,39,7,#N/A,#N/A,#N/A,14
2006-06-07,F2F Morgan,53,39.5,42,8,#N/A,#N/A,#N/A,10.5
2006-06-17,Newspoll,49,44,38,7,#N/A,#N/A,#N/A,11
2006-06-21,F2F Morgan,51,42,40.5,8.5,#N/A,#N/A,#N/A,9
2006-07-05,F2F Morgan,53.5,39,42.5,8.5,#N/A,#N/A,#N/A,10
2006-07-15,Newspoll,52,42,42,5,#N/A,#N/A,#N/A,11
2006-07-16,F2F Morgan,48,45,36.5,7.5,#N/A,#N/A,#N/A,10
2006-07-26,F2F Morgan,53.5,40,42,8,#N/A,#N/A,#N/A,10
2006-07-29,Newspoll,50,43,40,5,#N/A,#N/A,#N/A,12
2006-08-05,Newspoll,51,42,41,7,#N/A,#N/A,#N/A,10
2006-08-09,F2F Morgan,53,40.5,41.5,8.5,#N/A,#N/A,#N/A,9.5
2006-08-12,Newspoll,49,44,37,7,#N/A,#N/A,#N/A,12
2006-08-23,F2F Morgan,54,39,42.5,8,#N/A,#N/A,#N/A,10.5
2006-08-26,Newspoll,51,44,42,5,#N/A,#N/A,#N/A,9
2006-09-06,F2F Morgan,55,38,43,9,#N/A,#N/A,#N/A,10
2006-09-09,Newspoll,53,39,41,6,#N/A,#N/A,#N/A,14
2006-09-20,F2F Morgan,53,41.5,41.5,8,#N/A,#N/A,#N/A,9
2006-09-23,Newspoll,53,41,42,6,#N/A,#N/A,#N/A,11
2006-10-04,F2F Morgan,54.5,39,42,9.5,#N/A,#N/A,#N/A,9.5
2006-10-14,Newspoll,52,41,41,6,#N/A,#N/A,#N/A,12
2006-10-18,F2F Morgan,53,40.5,41.5,8.5,#N/A,#N/A,#N/A,9.5
2006-10-28,Newspoll,52,42,41,7,#N/A,#N/A,#N/A,10
2006-11-01,F2F Morgan,52.5,41.5,40.5,9,#N/A,#N/A,#N/A,9
2006-11-11,Newspoll,50,41,37,9,#N/A,#N/A,#N/A,13
2006-11-15,F2F Morgan,53,40.5,40.5,10,#N/A,#N/A,#N/A,9
2006-11-25,Newspoll,51,41,39,7,#N/A,#N/A,#N/A,13
2006-11-29,F2F Morgan,52.5,41.5,41,9,#N/A,#N/A,#N/A,8.5
2006-12-08,Newspoll,55,39,44,7,#N/A,#N/A,#N/A,10
2006-12-10,F2F Morgan,59,34.5,50,7,#N/A,#N/A,#N/A,8.5
2006-12-17,F2F Morgan,59,35.5,49,7,#N/A,#N/A,#N/A,8.5
2007-01-10,F2F Morgan,57.5,36.5,47,8,#N/A,#N/A,#N/A,8.5
2007-01-20,Newspoll,55,39,44,7,#N/A,#N/A,#N/A,10
2007-01-24,F2F Morgan,54.5,39,43.5,7.5,#N/A,#N/A,#N/A,10
2007-02-03,Newspoll,56,38,47,5,#N/A,#N/A,#N/A,10
2007-02-04,F2F Morgan,57.5,37,47,8,#N/A,#N/A,#N/A,8
2007-02-14,F2F Morgan,57,38,48,7,#N/A,#N/A,#N/A,7
2007-02-20,Newspoll,54,41,46,5,#N/A,#N/A,#N/A,8
2007-02-25,F2F Morgan,61.5,34,52.5,7.5,#N/A,#N/A,#N/A,6
2007-03-03,Newspoll,57,37,47,5,#N/A,#N/A,#N/A,11
2007-03-04,F2F Morgan,61.5,33,51.5,7,#N/A,#N/A,#N/A,8.5
2007-03-09,Nielsen,61,35,50,#N/A,#N/A,#N/A,#N/A,#N/A
2007-03-11,F2F Morgan,61,34,51.5,7.5,#N/A,#N/A,#N/A,7
2007-03-17,Newspoll,61,34,52,5,#N/A,#N/A,#N/A,9
2007-03-18,F2F Morgan,58.5,36,48.5,8,#N/A,#N/A,#N/A,7.5
2007-03-28,F2F Morgan,60,34.5,49.5,9,#N/A,#N/A,#N/A,7
2007-03-31,Newspoll,57,38,49,4,#N/A,#N/A,#N/A,9
2007-04-11,F2F Morgan,59.5,35.5,50,7.5,#N/A,#N/A,#N/A,7
2007-04-14,Newspoll,59,35,50,6,#N/A,#N/A,#N/A,9
2007-04-21,Galaxy,58,37,49,9,#N/A,#N/A,#N/A,5
2007-04-25,F2F Morgan,61,34.5,52.5,6.5,#N/A,#N/A,#N/A,6.5
2007-04-28,Newspoll,57,37,48,5,#N/A,#N/A,#N/A,10
2007-05-06,F2F Morgan,60,35.5,51.5,7,#N/A,#N/A,#N/A,6
2007-05-12,Newspoll,59,36,50,4,#N/A,#N/A,#N/A,10
2007-05-12,Galaxy,57,39,49,9,#N/A,#N/A,#N/A,3
2007-05-12,Nielsen,58,39,48,#N/A,#N/A,#N/A,#N/A,#N/A
2007-05-13,F2F Morgan,59.5,36,51,8,#N/A,#N/A,#N/A,5
2007-05-19,Newspoll,57,39,49,3,#N/A,#N/A,#N/A,9
2007-05-20,F2F Morgan,60,35.5,51,8,#N/A,#N/A,#N/A,5.5
2007-05-23,Newspoll,55,39,47,5,#N/A,#N/A,#N/A,9
2007-05-26,Newspoll,60,35,52,3,#N/A,#N/A,#N/A,10
2007-05-27,F2F Morgan,57.5,37.5,49,6,#N/A,#N/A,#N/A,7.5
2007-06-02,Galaxy,53,42,44,10,#N/A,#N/A,#N/A,4
2007-06-03,F2F Morgan,58,38,51,5.5,#N/A,#N/A,#N/A,5.5
2007-06-05,Morgan Phone,55,#N/A,#N/A,#N/A,#N/A,#N/A,#N/A,#N/A
2007-06-12,Morgan Phone,55,#N/A,#N/A,#N/A,#N/A,#N/A,#N/A,#N/A
2007-06-13,F2F Morgan,57.5,37,48,6.5,#N/A,#N/A,#N/A,8.5
2007-06-15,Nielsen,57,39,48,#N/A,#N/A,#N/A,#N/A,#N/A
2007-06-16,Newspoll,56,39,46,5,#N/A,#N/A,#N/A,10
2007-06-27,F2F Morgan,59,36,50.5,7,#N/A,#N/A,#N/A,6.5
2007-06-30,Galaxy,55,41,46,9,#N/A,#N/A,#N/A,4
2007-07-07,Newspoll,56,39,48,4,#N/A,#N/A,#N/A,9
2007-07-11,F2F Morgan,55,40.5,47.5,5.5,#N/A,#N/A,#N/A,6.5
2007-07-12,Morgan Phone,57.5,37.5,47.5,#N/A,#N/A,#N/A,#N/A,#N/A
2007-07-13,Nielsen,58,39,49,#N/A,#N/A,#N/A,#N/A,#N/A
2007-07-21,Newspoll,55,40,47,4,#N/A,#N/A,#N/A,9
2007-07-25,F2F Morgan,55,40.5,47,6.5,#N/A,#N/A,#N/A,6
2007-07-26,Morgan Phone,59,#N/A,#N/A,#N/A,#N/A,#N/A,#N/A,#N/A
2007-07-28,Galaxy,54,41,44,10,#N/A,#N/A,#N/A,5
2007-08-04,Newspoll,56,39,48,4,#N/A,#N/A,#N/A,9
2007-08-08,F2F Morgan,58.5,36.5,49.5,7,#N/A,#N/A,#N/A,7
2007-08-09,Morgan Phone,58.5,#N/A,#N/A,#N/A,#N/A,#N/A,#N/A,#N/A
2007-08-11,Nielsen,54,41,46,#N/A,#N/A,#N/A,#N/A,#N/A
2007-08-18,Newspoll,55,39,46,5,#N/A,#N/A,#N/A,10
2007-08-22,Morgan Phone,60,#N/A,#N/A,#N/A,#N/A,#N/A,#N/A,#N/A
2007-08-22,F2F Morgan,54.5,41,46,6.5,#N/A,#N/A,#N/A,6.5
2007-08-25,Galaxy,57,39,47,9,#N/A,#N/A,#N/A,5
2007-09-01,Newspoll,59,37,51,3,#N/A,#N/A,#N/A,9
2007-09-02,F2F Morgan,60,34.5,49,9,#N/A,#N/A,#N/A,7.5
2007-09-07,Nielsen,57,39,49,#N/A,#N/A,#N/A,#N/A,#N/A
2007-09-09,F2F Morgan,59,36,51,6,#N/A,#N/A,#N/A,7
2007-09-15,Newspoll,55,41,47,4,#N/A,#N/A,#N/A,8
2007-09-16,F2F Morgan,56.5,39.5,49.5,6,#N/A,#N/A,#N/A,5
2007-09-22,Newspoll,56,40,46,9,#N/A,#N/A,#N/A,5
2007-09-23,F2F Morgan,60.5,36,54,5.5,#N/A,#N/A,#N/A,4.5
2007-09-29,Nielsen,56,39,48,5,#N/A,#N/A,#N/A,8
2007-09-30,F2F Morgan,61,35.5,53.5,5.5,#N/A,#N/A,#N/A,5.5
2007-10-05,Nielsen,56,40,47,#N/A,#N/A,#N/A,#N/A,#N/A
2007-10-07,F2F Morgan,57.5,38,49.5,6,#N/A,#N/A,#N/A,6.5
2007-10-08,Morgan Phone,59,36,50,#N/A,#N/A,#N/A,#N/A,#N/A
2007-10-13,Newspoll,56,39,48,4,#N/A,#N/A,#N/A,9
2007-10-14,F2F Morgan,57,39.5,49.5,7,#N/A,#N/A,#N/A,4
2007-10-16,Galaxy,53,43,45,8,#N/A,#N/A,#N/A,4
2007-10-18,Morgan Phone,55.5,39.5,45,9,#N/A,#N/A,#N/A,6.5
2007-10-19,Nielsen,54,42,48,#N/A,#N/A,#N/A,#N/A,#N/A
2007-10-20,Newspoll,58,38,51,5,#N/A,#N/A,#N/A,6
2007-10-21,F2F Morgan,56,39.5,47,8,#N/A,#N/A,#N/A,5.5
2007-10-25,Morgan Phone,54.5,41,44,10.5,#N/A,#N/A,#N/A,4.5
2007-10-27,Newspoll,54,42,48,4,#N/A,#N/A,#N/A,6
2007-10-28,F2F Morgan,57.5,39,49,7.5,#N/A,#N/A,#N/A,4.5
2007-10-30,Nielsen,55,41,48,#N/A,#N/A,#N/A,#N/A,#N/A
2007-11-03,Galaxy,54,42,45,9,#N/A,#N/A,#N/A,4
2007-11-03,Newspoll,53,42,47,5,#N/A,#N/A,#N/A,6
2007-11-04,F2F Morgan,62,34,54.5,6,#N/A,#N/A,#N/A,5.5
2007-11-08,Morgan Phone,56,39,44.5,10.5,#N/A,#N/A,#N/A,6
2007-11-10,Newspoll,55,40,48,6,#N/A,#N/A,#N/A,6
2007-11-11,F2F Morgan,56.5,39,48,7,#N/A,#N/A,#N/A,6
2007-11-13,Nielsen,54,43,47,#N/A,#N/A,#N/A,#N/A,#N/A
2007-11-16,Morgan Phone,55.5,40,46.5,8,#N/A,#N/A,#N/A,5.5
2007-11-17,Newspoll,54,41,46,7,#N/A,#N/A,#N/A,6
2007-11-20,Galaxy,52,42.5,42.5,#N/A,#N/A,#N/A,#N/A,#N/A
2007-11-20,Nielsen,57,40,48,#N/A,#N/A,#N/A,#N/A,#N/A
2007-11-21,Newspoll,52,43,44,7,#N/A,#N/A,#N/A,6
2007-11-22,Morgan Phone,54.5,40.5,44.5,9,#N/A,#N/A,#N/A,6
2007-11-23,Morgan Phone,53.5,41.5,43.5,8.5,#N/A,#N/A,#N/A,6.5
2007-12-05,F2F Morgan,60.5,34,49.5,10.5,#N/A,#N/A,#N/A,6
2007-12-06,Morgan Phone,58.5,36.5,49,7,#N/A,#N/A,#N/A,8.5
2008-01-09,F2F Morgan,61.5,33,51.5,8,#N/A,#N/A,#N/A,7.5
2008-01-19,Newspoll,58,35,46,12,#N/A,#N/A,#N/A,7
2008-01-23,F2F Morgan,59,36,49,8.5,#N/A,#N/A,#N/A,6.5
2008-01-24,Morgan Phone,63,32,53,10,#N/A,#N/A,#N/A,5
2008-01-31,Morgan Phone,60,34.5,50,8,#N/A,#N/A,#N/A,7.5
2008-02-06,F2F Morgan,62.5,33,54,7.5,#N/A,#N/A,#N/A,5.5
2008-02-16,Newspoll,57,36,46,10,#N/A,#N/A,#N/A,8
2008-02-20,F2F Morgan,64.5,31.5,56.5,6.5,#N/A,#N/A,#N/A,5.5
2008-03-01,Newspoll,63,31,51,10,#N/A,#N/A,#N/A,8
2008-03-05,F2F Morgan,65,30.5,55.5,9,#N/A,#N/A,#N/A,5
2008-03-12,Morgan Phone,61,31.5,53.5,5.5,#N/A,#N/A,#N/A,7
2008-03-15,Newspoll,59,35,47,11,#N/A,#N/A,#N/A,7
2008-03-19,F2F Morgan,63.5,31,55,7,#N/A,#N/A,#N/A,7
2008-03-30,Morgan Phone,60.5,32,51,7.5,#N/A,#N/A,#N/A,7.5
2008-04-05,Newspoll,59,35,48,10,#N/A,#N/A,#N/A,7
2008-04-10,Morgan Phone,63.5,32,54,8.5,#N/A,#N/A,#N/A,5.5
2008-04-13,F2F Morgan,62,33.5,54,6.5,#N/A,#N/A,#N/A,6
2008-04-17,Morgan Phone,62.5,33,55,6,#N/A,#N/A,#N/A,6
2008-04-19,Newspoll,61,34,51,9,#N/A,#N/A,#N/A,6
2008-04-23,F2F Morgan,61.5,33.5,54.5,5.5,#N/A,#N/A,#N/A,6.5
2008-05-03,Newspoll,57,37,47,9,#N/A,#N/A,#N/A,7
2008-05-04,F2F Morgan,62,32.5,52.5,8,#N/A,#N/A,#N/A,7
2008-05-09,Morgan Phone,58,37,47,9,#N/A,#N/A,#N/A,7
2008-05-16,Nielsen,56,38,46,8,#N/A,#N/A,#N/A,7
2008-05-17,Newspoll,57,37,47,9,#N/A,#N/A,#N/A,7
2008-05-18,F2F Morgan,60.5,35,51.5,5.5,#N/A,#N/A,#N/A,7.5
2008-05-25,F2F Morgan,61,34,53,5.5,#N/A,#N/A,#N/A,7.5
2006-05-31,Newspoll,57,37,46,10,#N/A,#N/A,#N/A,7
2008-06-01,F2F Morgan,63,31.5,52.5,9,#N/A,#N/A,#N/A,7
2008-06-07,Morgan Phone,56,38.5,45.5,8.5,#N/A,#N/A,#N/A,7.5
2008-06-08,F2F Morgan,58.5,33,48.5,8.5,#N/A,#N/A,#N/A,7
2008-06-13,Nielsen,55,34,44,10,#N/A,#N/A,#N/A,8
2008-06-14,Newspoll,59,33,46,12,#N/A,#N/A,#N/A,9
2008-06-18,F2F Morgan,61,34,52,8,#N/A,#N/A,#N/A,6
2008-06-28,Newspoll,55,39,44,10,#N/A,#N/A,#N/A,7
2008-07-02,F2F Morgan,59,35,48.5,8,#N/A,#N/A,#N/A,8.5
2008-07-12,Newspoll,55,38,43,11,#N/A,#N/A,#N/A,8
2008-07-13,F2F Morgan,60,34.5,48,11.5,#N/A,#N/A,#N/A,6
2008-07-18,Nielsen,54,40,43,10,#N/A,#N/A,#N/A,7
2008-07-20,F2F Morgan,55,39.5,45.5,7.5,#N/A,#N/A,#N/A,7.5
2008-07-26,Newspoll,57,37,47,10,#N/A,#N/A,#N/A,6
2008-07-30,F2F Morgan,55,39.5,45.5,8,#N/A,#N/A,#N/A,7
2008-08-08,Newspoll,57,38,47,9,#N/A,#N/A,#N/A,6
2008-08-13,F2F Morgan,57,37.5,47,8.5,#N/A,#N/A,#N/A,7
2008-08-15,Nielsen,54,39,43,9,#N/A,#N/A,#N/A,9
2008-08-23,Newspoll,56,38,45,8,#N/A,#N/A,#N/A,9
2008-08-27,F2F Morgan,58,37,50,6.5,#N/A,#N/A,#N/A,6.5
2008-09-06,Newspoll,56,37,44,11,#N/A,#N/A,#N/A,8
2008-09-10,F2F Morgan,55.5,38,45,8,#N/A,#N/A,#N/A,9
2008-09-19,Nielsen,51,42,41,9,#N/A,#N/A,#N/A,7
2008-09-20,Newspoll,55,38,42,10,#N/A,#N/A,#N/A,10
2008-09-24,F2F Morgan,57.5,36.5,46.5,10,#N/A,#N/A,#N/A,7
2008-10-08,F2F Morgan,57.5,36,46,9.5,#N/A,#N/A,#N/A,8.5
2008-10-11,Newspoll,55,38,41,13,#N/A,#N/A,#N/A,8
2008-10-16,Morgan Phone,57.5,38,48,8,#N/A,#N/A,#N/A,6
2008-10-17,Nielsen,55,39,46,9,#N/A,#N/A,#N/A,7
2008-10-22,F2F Morgan,56.5,37.5,46.5,8.5,#N/A,#N/A,#N/A,7.5
2008-10-25,Newspoll,54,39,44,9,#N/A,#N/A,#N/A,8
2008-11-05,F2F Morgan,58.5,36,49,8.5,#N/A,#N/A,#N/A,6.5
2008-11-08,Newspoll,55,38,44,9,#N/A,#N/A,#N/A,9
2008-11-14,Nielsen,55,39,45,10,#N/A,#N/A,#N/A,6
2008-11-15,Galaxy,55,40,43,11,#N/A,#N/A,#N/A,6
2008-11-19,F2F Morgan,59.5,35.5,50.5,7.5,#N/A,#N/A,#N/A,6.5
2008-11-22,Newspoll,55,38,42,11,#N/A,#N/A,#N/A,9
2008-12-03,F2F Morgan,59.5,34.5,48.5,10.5,#N/A,#N/A,#N/A,6.5
2008-12-06,Newspoll,59,35,48,10,#N/A,#N/A,#N/A,7
2008-12-17,F2F Morgan,60,35.5,52.5,6,#N/A,#N/A,#N/A,6
2009-01-07,F2F Morgan,60,35,51.5,8,#N/A,#N/A,#N/A,5.5
2009-01-17,Newspoll,54,39,43,10,#N/A,#N/A,#N/A,8
2009-01-21,F2F Morgan,59.5,36,50.5,7.5,#N/A,#N/A,#N/A,6
2009-02-01,F2F Morgan,56,38,46.5,8,#N/A,#N/A,#N/A,7.5
2009-02-07,Newspoll,58,36,48,8,#N/A,#N/A,#N/A,8
2009-02-08,F2F Morgan,60,35.5,51.5,8,#N/A,#N/A,#N/A,5
2009-02-15,F2F Morgan,59.5,36.5,49,7.5,#N/A,#N/A,#N/A,7
2009-02-21,Newspoll,58,36,47,9,#N/A,#N/A,#N/A,8
2009-02-25,F2F Morgan,61.5,33,51.5,8.5,#N/A,#N/A,#N/A,7
2009-03-07,Newspoll,56,36,44,10,#N/A,#N/A,#N/A,10
2009-03-08,F2F Morgan,60.5,34.5,50.5,8,#N/A,#N/A,#N/A,7
2009-03-15,F2F Morgan,57,39,48.5,6,#N/A,#N/A,#N/A,6.5
2009-03-21,Newspoll,56,37,45,8,#N/A,#N/A,#N/A,10
2009-03-25,F2F Morgan,61,33.5,53,8,#N/A,#N/A,#N/A,5.5
2009-03-27,Nielsen,57,37,47,10,#N/A,#N/A,#N/A,6
2009-04-04,Newspoll,58,36,47,9,#N/A,#N/A,#N/A,8
2009-04-08,F2F Morgan,61,33.5,51.5,8,#N/A,#N/A,#N/A,7
2009-04-18,Newspoll,58,37,47,9,#N/A,#N/A,#N/A,7
2009-04-22,F2F Morgan,59,36.5,50,8.5,#N/A,#N/A,#N/A,5
2009-05-02,Newspoll,55,38,42,11,#N/A,#N/A,#N/A,9
2009-05-06,F2F Morgan,60,34,50,9,#N/A,#N/A,#N/A,7
2009-05-15,Nielsen,52,43,44,8,#N/A,#N/A,#N/A,5
2009-05-16,Newspoll,56,37,46,9,#N/A,#N/A,#N/A,8
2009-05-17,F2F Morgan,58,37.5,49.5,8,#N/A,#N/A,#N/A,5
2009-05-21,Morgan Phone,54.5,40.5,45,7.5,#N/A,#N/A,#N/A,7
2009-05-27,F2F Morgan,58,36,49,8,#N/A,#N/A,#N/A,7
2009-05-30,Newspoll,55,38,43,10,#N/A,#N/A,#N/A,9
2009-05-30,Galaxy,55,40,43,11,#N/A,#N/A,#N/A,6
2009-06-04,Morgan Phone,54.5,39.5,43.5,9,#N/A,#N/A,#N/A,8
2009-06-10,F2F Morgan,57,38,48.5,7,#N/A,#N/A,#N/A,6.5
2009-06-11,Morgan Phone,57.5,37,47.5,8.5,#N/A,#N/A,#N/A,7
2009-06-13,Newspoll,53,40,41,11,#N/A,#N/A,#N/A,8
2009-06-21,F2F Morgan,55,41,46,8.5,#N/A,#N/A,#N/A,4.5
2009-06-26,Nielsen,58,37,46,#N/A,#N/A,#N/A,#N/A,#N/A
2009-06-27,Newspoll,56,37,44,10,#N/A,#N/A,#N/A,9
2009-06-27,Galaxy,56,30,44,#N/A,#N/A,#N/A,#N/A,#N/A
2009-07-01,F2F Morgan,58,35,46.5,11.5,#N/A,#N/A,#N/A,7
2009-07-11,Newspoll,55,39,43,11,#N/A,#N/A,#N/A,7
2009-07-15,F2F Morgan,57.5,37.5,48,8,#N/A,#N/A,#N/A,6.5
2009-07-23,Newspoll,57,38,46,9,#N/A,#N/A,#N/A,7
2009-07-29,F2F Morgan,60.5,34,50.5,8.5,#N/A,#N/A,#N/A,7
2009-08-06,Morgan Phone,57,37.5,45.5,11,#N/A,#N/A,#N/A,6
2009-08-08,Newspoll,57,37,45,10,#N/A,#N/A,#N/A,8
2009-08-12,F2F Morgan,58,34.5,47.5,9.5,#N/A,#N/A,#N/A,8.5
2009-08-14,Nielsen,56,#N/A,#N/A,#N/A,#N/A,#N/A,#N/A,#N/A
2009-08-26,F2F Morgan,61,33.5,50.5,9.5,#N/A,#N/A,#N/A,6.5
2009-09-05,Newspoll,55,39,44,10,#N/A,#N/A,#N/A,7
2009-09-09,F2F Morgan,62,32.5,51.5,9.5,#N/A,#N/A,#N/A,6.5
2009-09-11,Nielsen,55,40,44,#N/A,#N/A,#N/A,#N/A,#N/A
2009-09-19,Newspoll,55,38,43,11,#N/A,#N/A,#N/A,8
2009-09-23,F2F Morgan,59.5,35.5,51,7.5,#N/A,#N/A,#N/A,6
2009-09-27,F2F Morgan,57,37,45.5,10,#N/A,#N/A,#N/A,7.5
2009-09-30,Newspoll,58,35,46,10,#N/A,#N/A,#N/A,9
2009-10-07,F2F Morgan,60,34,49.5,9,#N/A,#N/A,#N/A,7.5
2009-10-09,Nielsen,57,37,46,#N/A,#N/A,#N/A,#N/A,#N/A
2009-10-10,Newspoll,58,36,47,10,#N/A,#N/A,#N/A,7
2009-10-17,Newspoll,59,34,48,10,#N/A,#N/A,#N/A,8
2009-10-21,F2F Morgan,60.5,34.5,52,7.5,#N/A,#N/A,#N/A,6
2009-10-31,Newspoll,52,41,41,10,#N/A,#N/A,#N/A,8
2009-11-01,F2F Morgan,61,32.5,51,9.5,#N/A,#N/A,#N/A,7
2009-11-06,Nielsen,56,38,45,#N/A,#N/A,#N/A,#N/A,#N/A
2009-11-08,F2F Morgan,56,38.5,46.5,8,#N/A,#N/A,#N/A,7
2009-11-12,Morgan Phone,52,41.5,42.5,8,#N/A,#N/A,#N/A,8
2009-11-14,Newspoll,56,37,43,11,#N/A,#N/A,#N/A,9
2009-11-15,F2F Morgan,56.5,36.5,45,9,#N/A,#N/A,#N/A,9.5
2009-11-15,F2F Morgan,58.5,35.5,48,9,#N/A,#N/A,#N/A,7.5
2009-11-28,Newspoll,57,35,43,12,#N/A,#N/A,#N/A,10
2009-11-28,Nielsen,56,37,42,13,#N/A,#N/A,#N/A,8
2009-12-03,Morgan Phone,53,43,41,10.5,#N/A,#N/A,#N/A,5.5
2009-12-05,Newspoll,56,38,43,11,#N/A,#N/A,#N/A,8
2009-12-07,Morgan Phone,53,41.5,42,9.5,#N/A,#N/A,#N/A,7
2009-12-09,F2F Morgan,59,35.5,49,8,#N/A,#N/A,#N/A,7.5
2010-01-13,F2F Morgan,58.5,35.5,47.5,10,#N/A,#N/A,#N/A,7
2010-01-14,Morgan Phone,54.5,39,43,9.5,#N/A,#N/A,#N/A,8.5
2010-01-16,Newspoll,54,38,40,12,#N/A,#N/A,#N/A,10
2010-01-30,Newspoll,52,41,40,12,#N/A,#N/A,#N/A,7
2010-02-05,Nielsen,54,41,42,#N/A,#N/A,#N/A,#N/A,#N/A
2010-02-10,F2F Morgan,57.5,37,47,9,#N/A,#N/A,#N/A,7
2010-02-11,Morgan Phone,53.5,41,42,10.5,#N/A,#N/A,#N/A,6.5
2010-02-13,Newspoll,53,40,39,12,#N/A,#N/A,#N/A,9
2010-02-21,F2F Morgan,56.5,37.5,45,9,#N/A,#N/A,#N/A,8.5
2010-02-27,Newspoll,52,41,40,9,#N/A,#N/A,#N/A,10
2010-03-03,F2F Morgan,55.5,38.5,45,8.5,#N/A,#N/A,#N/A,8
2010-03-05,Nielsen,53,42,42,#N/A,#N/A,#N/A,#N/A,#N/A
2010-03-13,Newspoll,52,41,40,9,#N/A,#N/A,#N/A,10
2010-03-17,F2F Morgan,56.5,37,44.5,11,#N/A,#N/A,#N/A,7.5
2010-03-27,Newspoll,56,38,43,12,#N/A,#N/A,#N/A,7
2010-03-31,F2F Morgan,58,36.5,48,8.5,#N/A,#N/A,#N/A,7
2010-04-14,F2F Morgan,56,37.5,43,12,#N/A,#N/A,#N/A,7.5
2010-04-16,Nielsen,51,42,39,12,#N/A,#N/A,#N/A,7
2010-04-17,Newspoll,54,40,43,10,#N/A,#N/A,#N/A,12
2010-04-25,F2F Morgan,54.5,40.5,44,8,#N/A,#N/A,#N/A,7.5
2010-05-01,Newspoll,49,43,35,10,#N/A,#N/A,#N/A,12
2010-05-05,Morgan Phone,50,44.5,39.5,9,#N/A,#N/A,#N/A,7
2010-05-07,Nielsen,50,42,37,13,#N/A,#N/A,#N/A,8
2010-05-09,F2F Morgan,51.5,42.5,41,9,#N/A,#N/A,#N/A,7.5
2010-05-15,Newspoll,50,43,37,12,#N/A,#N/A,#N/A,8
2010-05-15,Galaxy,50,43,37,12,#N/A,#N/A,#N/A,8
2010-05-16,F2F Morgan,50.5,43,37.5,12,#N/A,#N/A,#N/A,7.5
2010-05-23,F2F Morgan,54.5,41,42.5,11,#N/A,#N/A,#N/A,5.5
2010-05-27,Morgan Phone,50,43,37.5,12,#N/A,#N/A,#N/A,7.5
2010-05-29,Newspoll,51,41,35,16,#N/A,#N/A,#N/A,8
2010-05-30,F2F Morgan,52.5,41,42,8.5,#N/A,#N/A,#N/A,8.5
2010-06-04,Nielsen,48,43,33,15,#N/A,#N/A,#N/A,9
2010-06-06,F2F Morgan,52,41.5,40,11,#N/A,#N/A,#N/A,7.5
2010-06-13,F2F Morgan,51.5,41,38,13,#N/A,#N/A,#N/A,8
2010-06-19,Newspoll,52,40,35,15,#N/A,#N/A,#N/A,10
2010-06-20,F2F Morgan,53,41,41,12.5,#N/A,#N/A,#N/A,5.5
2010-06-25,Nielsen,55,42,47,8,#N/A,#N/A,#N/A,3
2010-06-25,Galaxy,52,42,41,11,#N/A,#N/A,#N/A,6
2010-06-20,F2F Morgan,53,41,41,12.5,#N/A,#N/A,#N/A,5.5
2010-06-26,Newspoll,53,40,42,10,#N/A,#N/A,#N/A,8
2010-06-27,Morgan Phone,48.5,45.5,38.5,9,#N/A,#N/A,#N/A,7
2010-06-30,F2F Morgan,55,38,45.5,10.5,#N/A,#N/A,#N/A,6
2010-07-11,Galaxy,52,42,39,14,#N/A,#N/A,#N/A,5
2010-07-11,Nielsen,50,42,39,13,#N/A,#N/A,#N/A,6
2010-07-11,F2F Morgan,53.5,41,40.5,12,#N/A,#N/A,#N/A,6.5
2010-07-16,Galaxy,52,42,39,14,#N/A,#N/A,#N/A,6
2010-07-17,Newspoll,55,38,42,12,#N/A,#N/A,#N/A,8
2010-07-18,Galaxy,50,44,38,12,#N/A,#N/A,#N/A,6
2010-07-18,F2F Morgan,55,39.5,44.5,10.5,#N/A,#N/A,#N/A,5.5
2010-07-20,Nielsen,54,41,42,12,#N/A,#N/A,#N/A,5
2010-07-21,Morgan Phone,55.5,38.5,44,11.5,#N/A,#N/A,#N/A,6
2010-07-24,Newspoll,52,42,40,12,#N/A,#N/A,#N/A,6
2010-07-24,Galaxy,52,41,38,15,#N/A,#N/A,#N/A,6
2010-07-25,F2F Morgan,54,37,43.5,11.5,#N/A,#N/A,#N/A,8
2010-07-27,Nielsen,48,45,36,12,#N/A,#N/A,#N/A,7
2010-07-28,Morgan Phone,53,42,42,11,#N/A,#N/A,#N/A,5
2010-07-31,Newspoll,50,44,37,12,#N/A,#N/A,#N/A,7
2010-08-03,Morgan Phone,50,45,38,11,#N/A,#N/A,#N/A,6
2010-08-04,Nielsen,49,44,36,13,#N/A,#N/A,#N/A,7
2010-08-07,Newspoll,52,42,38,13,#N/A,#N/A,#N/A,7
2010-08-08,Galaxy,51,42,38,13,#N/A,#N/A,#N/A,7
2010-08-08,F2F Morgan,57.5,37,43,15.5,#N/A,#N/A,#N/A,4.5
2010-08-11,Nielsen,53,41,40,12,#N/A,#N/A,#N/A,7
2010-08-14,Morgan Phone,51,44,40.5,12.5,#N/A,#N/A,#N/A,3
2010-08-14,Newspoll,52,41,38,14,#N/A,#N/A,#N/A,7
2010-08-15,F2F Morgan,52,43,40,13.5,#N/A,#N/A,#N/A,3.5
2010-08-17,Galaxy,52,41,38,14,#N/A,#N/A,#N/A,7
2010-08-18,Newspoll,50.2,43.6,36.2,11.8,#N/A,#N/A,#N/A,6.6
2010-08-17,Nielsen,52,41.5,39,13,#N/A,#N/A,#N/A,6.5
2010-08-26,Morgan Phone,51,40,36,13,#N/A,#N/A,#N/A,11
2010-09-01,F2F Morgan,54.5,39.5,40.5,15,#N/A,#N/A,#N/A,5
2010-09-11,Newspoll,50,41,34,14,#N/A,#N/A,#N/A,11
2010-09-16,Morgan Phone,50.5,42.5,35.5,15,#N/A,#N/A,#N/A,7
2010-09-19,F2F Morgan,53.5,41,40.5,13,#N/A,#N/A,#N/A,5.5
2010-10-03,F2F Morgan,55.5,38.5,44,12,#N/A,#N/A,#N/A,5.5
2010-10-09,Newspoll,50,42,35,14,#N/A,#N/A,#N/A,9
2010-10-13,F2F Morgan,54,40.5,43,10.5,#N/A,#N/A,#N/A,6
2010-10-22,Nielsen,49,43,34,14,#N/A,#N/A,#N/A,8
2010-10-23,Newspoll,48,43,33,14,#N/A,#N/A,#N/A,10
2010-11-27,F2F Morgan,54,40.5,43,10.5,#N/A,#N/A,#N/A,6
2010-11-06,Newspoll,48,43,34,13,#N/A,#N/A,#N/A,10
2010-11-10,F2F Morgan,54,40,41,12,#N/A,#N/A,#N/A,7
2010-11-19,Nielsen,49,43,35,13,#N/A,#N/A,#N/A,8
2010-11-20,Newspoll,52,39,36,14,#N/A,#N/A,#N/A,11
2010-11-24,F2F Morgan,52.5,42,40.5,12,#N/A,#N/A,#N/A,5.5
2010-12-04,Newspoll,50,41,34,14,#N/A,#N/A,#N/A,11
2010-12-05,F2F Morgan,53,40.5,40.5,13.5,#N/A,#N/A,#N/A,5.5
2010-12-10,Morgan Phone,45.5,46,31,13.5,#N/A,#N/A,#N/A,9.5
2010-12-12,F2F Morgan,50,43,38,13.5,#N/A,#N/A,#N/A,5.5
2011-01-09,F2F Morgan,50.5,44,38.5,13,#N/A,#N/A,#N/A,4.5
2011-01-19,F2F Morgan,52.5,41.5,40.5,11.5,#N/A,#N/A,#N/A,6.5
2011-02-02,Morgan Phone,49,42.5,35,12,#N/A,#N/A,#N/A,10.5
2011-02-04,F2F Morgan,51.5,43,39,12.5,#N/A,#N/A,#N/A,5.5
2011-02-05,Newspoll,48,44,32,14,#N/A,#N/A,#N/A,10
2011-02-11,Nielsen,46,46,32,12,#N/A,#N/A,#N/A,9
2011-02-16,F2F Morgan,51,43,39.5,11.5,#N/A,#N/A,#N/A,6
2011-02-19,Newspoll,50,41,36,13,#N/A,#N/A,#N/A,10
2011-02-22,Morgan Phone,47,45.5,36,9.5,#N/A,#N/A,#N/A,9
2011-02-27,F2F Morgan,53.5,41,41,11.5,#N/A,#N/A,#N/A,6.5
2011-03-05,Newspoll,46,45,30,15,#N/A,#N/A,#N/A,10
2011-03-06,F2F Morgan,48,46.5,37,9.5,#N/A,#N/A,#N/A,7
2011-03-09,Morgan Phone,44,47.5,31.5,10,#N/A,#N/A,#N/A,11
2011-03-11,Nielsen,46,45,33,12,#N/A,#N/A,#N/A,10
2011-03-13,F2F Morgan,49.5,44.5,38,11.5,#N/A,#N/A,#N/A,6
2011-03-17,Morgan Phone,49,42.5,35.5,12,#N/A,#N/A,#N/A,10
2011-03-19,Newspoll,51,40,36,12,#N/A,#N/A,#N/A,12
2011-03-20,F2F Morgan,52.5,40,39.5,12.5,#N/A,#N/A,#N/A,8
2011-03-23,Morgan Phone,46,47,34.5,10,#N/A,#N/A,#N/A,8.5
2011-03-27,F2F Morgan,47,47,35.5,11.5,#N/A,#N/A,#N/A,6
2011-04-02,Newspoll,45,45,32,12,#N/A,#N/A,#N/A,12
2011-04-03,F2F Morgan,46.5,48,36.5,9.5,#N/A,#N/A,#N/A,6
2011-04-15,Nielsen,44,47,31,12,#N/A,#N/A,#N/A,11
2011-04-13,F2F Morgan,47,46,35,11.5,#N/A,#N/A,#N/A,7.5
2011-04-27,F2F Morgan,48,46,37,10.5,#N/A,#N/A,#N/A,6.5
2011-04-30,Newspoll,47,44,33,12,#N/A,#N/A,#N/A,11
2011-05-04,Morgan Phone,46.5,46,34,11,#N/A,#N/A,#N/A,9
2011-05-08,F2F Morgan,45.5,48,34,11,#N/A,#N/A,#N/A,7
2011-05-13,Nielsen,44,47,31,10,#N/A,#N/A,#N/A,13
2011-05-14,Newspoll,46,46,33,10,#N/A,#N/A,#N/A,11
2011-05-15,F2F Morgan,48.5,44.5,36,13,#N/A,#N/A,#N/A,6.5
2011-05-25,F2F Morgan,48.5,45.5,36,12,#N/A,#N/A,#N/A,6.5
2011-05-28,Newspoll,48,44,34,14,#N/A,#N/A,#N/A,8
2011-06-01,Morgan Phone,42,50,30,9.5,#N/A,#N/A,#N/A,10.5
2011-06-05,F2F Morgan,46,46.5,33.5,12,#N/A,#N/A,#N/A,8
2011-06-11,Newspoll,45,46,31,11,#N/A,#N/A,#N/A,12
2011-06-15,Nielsen,41,49,27,12,#N/A,#N/A,#N/A,12
2011-06-15,F2F Morgan,46.5,46.5,35,11.5,#N/A,#N/A,#N/A,7
2011-06-25,Newspoll,45,46,30,11,#N/A,#N/A,#N/A,13
2011-06-19,F2F Morgan,43.5,49,31.5,11.5,#N/A,#N/A,#N/A,8
2011-07-09,Newspoll,42,49,27,12,#N/A,#N/A,#N/A,12
2011-07-10,F2F Morgan,45.5,48,33.5,11.5,#N/A,#N/A,#N/A,7
2011-07-14,Morgan Phone,40,52.5,27.5,10.5,#N/A,#N/A,#N/A,9.5
2011-07-15,Nielsen,39,51,26,11,#N/A,#N/A,#N/A,15
2011-07-20,F2F Morgan,47,47,34.5,12,#N/A,#N/A,#N/A,6.5
2011-07-23,Newspoll,44,47,29,13,#N/A,#N/A,#N/A,11
2011-08-03,Galaxy,44,48,31,13,#N/A,#N/A,#N/A,8
2011-08-03,F2F Morgan,46.5,47.5,34.5,12,#N/A,#N/A,#N/A,6
2011-08-06,Newspoll,43,50,30,10,#N/A,#N/A,#N/A,10
2011-08-10,Morgan Phone,45.5,49,29.5,12,#N/A,#N/A,#N/A,9.5
2011-08-12,Nielsen,42,48,28,12,#N/A,#N/A,#N/A,11
2011-08-17,F2F Morgan,44.5,49.5,32.5,11,#N/A,#N/A,#N/A,7
2011-08-20,Newspoll,43,47,27,14,#N/A,#N/A,#N/A,12
2011-08-31,F2F Morgan,45.5,46.5,32.5,12.5,#N/A,#N/A,#N/A,8.5
2011-09-03,Newspoll,41,50,27,12,#N/A,#N/A,#N/A,11
2011-09-09,Nielsen,42,48,27,13,#N/A,#N/A,#N/A,12
2011-09-14,F2F Morgan,44.5,46.5,35.5,10,#N/A,#N/A,#N/A,8
2011-09-17,Newspoll,42,48,26,13,#N/A,#N/A,#N/A,13
2011-09-28,F2F Morgan,46.5,46.5,35.5,10,#N/A,#N/A,#N/A,8
2011-10-08,Newspoll,43,49,29,12,#N/A,#N/A,#N/A,10
2011-10-09,F2F Morgan,50,43.5,38.5,11,#N/A,#N/A,#N/A,7
2011-10-14,Nielsen,43,48,30,12,#N/A,#N/A,#N/A,10
2011-10-15,Galaxy,42,51,29,12,#N/A,#N/A,#N/A,8
2011-10-16,F2F Morgan,48.5,44,36.5,10,#N/A,#N/A,#N/A,9.5
2011-10-22,Newspoll,46,45,29,15,#N/A,#N/A,#N/A,11
2011-10-23,F2F Morgan,45.5,49.5,35,10.5,#N/A,#N/A,#N/A,5
2011-10-26,Morgan Phone,45,47,31,12.5,#N/A,#N/A,#N/A,9.6
2011-10-30,F2F Morgan,47,46.5,34,13.5,#N/A,#N/A,#N/A,6
2011-11-03,Morgan Phone,47.5,45,34,12.5,#N/A,#N/A,#N/A,8.5
2011-11-05,Newspoll,47,44,32,12,#N/A,#N/A,#N/A,12
2011-11-11,Nielsen,45,45,30,14,#N/A,#N/A,#N/A,12
2011-11-09,F2F Morgan,46.5,47,34.5,11.5,#N/A,#N/A,#N/A,7
2011-11-19,Newspoll,43,48,30,10,#N/A,#N/A,#N/A,12
2011-11-20,F2F Morgan,48.5,45.5,36.5,12,#N/A,#N/A,#N/A,6
2011-11-30,F2F Morgan,47,43,36.5,13,#N/A,#N/A,#N/A,7.5
2011-12-03,Newspoll,46,44,31,13,#N/A,#N/A,#N/A,12
2011-12-09,Nielsen,43,49,29,11,#N/A,#N/A,#N/A,11
2011-12-14,F2F Morgan,50,43,36.5,13,#N/A,#N/A,#N/A,7.5
2012-01-08,F2F Morgan,48.5,45,37,10.5,#N/A,#N/A,#N/A,7.5
2012-01-18,Morgan Phone,46.5,46.5,35.5,9,#N/A,#N/A,#N/A,9
2012-01-18,F2F Morgan,51,42.5,38.5,12,#N/A,#N/A,#N/A,7
2012-01-28,Galaxy,46,48,34,12,#N/A,#N/A,#N/A,6
2012-01-28,Newspoll,46,45,30,12,#N/A,#N/A,#N/A,13
2012-01-29,F2F Morgan,51,41.5,39.5,9.5,#N/A,#N/A,#N/A,6.5
2012-02-03,Nielsen,47,45,33,13,#N/A,#N/A,#N/A,9
2012-02-05,F2F Morgan,48.5,45.5,38.5,9.5,#N/A,#N/A,#N/A,6.5
2012-02-08,Morgan Phone,44.5,41.5,37,14.5,#N/A,#N/A,#N/A,7
2012-02-11,Newspoll,45,46,32,11,#N/A,#N/A,#N/A,11
2012-02-15,F2F Morgan,51.5,41.5,37,14.5,#N/A,#N/A,#N/A,7
2012-02-23,Nielsen,47,44,34,12,#N/A,#N/A,#N/A,11
2012-02-24,Galaxy,46,47,34,12,#N/A,#N/A,#N/A,7
2012-02-25,Newspoll,47,45,35,11,#N/A,#N/A,#N/A,9
2012-02-26,F2F Morgan,50,42.5,37.5,11,#N/A,#N/A,#N/A,9
2012-03-04,F2F Morgan,50,43.5,39,10,#N/A,#N/A,#N/A,7.5
2012-03-10,Newspoll,47,43,31,12,#N/A,#N/A,#N/A,14
2012-03-14,F2F Morgan,48,45.5,37,10.5,#N/A,#N/A,#N/A,7
2012-03-24,Newspoll,43,47,28,11,#N/A,#N/A,#N/A,14
2012-03-25,F2F Morgan,48.5,45,36.5,12.5,#N/A,#N/A,#N/A,6
2012-03-30,Nielsen,43,47,27,13,#N/A,#N/A,#N/A,12
2012-04-01,F2F Morgan,46.5,45.5,32,13,#N/A,#N/A,#N/A,10.5
2012-04-11,F2F Morgan,45,46.5,31,12.5,#N/A,#N/A,#N/A,10
2012-04-14,Newspoll,44,48,29,12,#N/A,#N/A,#N/A,11
2012-04-18,Morgan Phone,44,47.5,30,11.5,#N/A,#N/A,#N/A,11.5
2012-04-22,F2F Morgan,44,47.5,30,12,#N/A,#N/A,#N/A,10.5
2012-04-28,Galaxy,44,49,30,13,#N/A,#N/A,#N/A,8
2012-04-28,Newspoll,41,51,27,11,#N/A,#N/A,#N/A,11
2012-05-06,F2F Morgan,44.5,45.5,29.5,12,#N/A,#N/A,#N/A,13
2012-05-10,Morgan Phone,42,50.5,29,10,#N/A,#N/A,#N/A,10.5
2012-05-10,Nielsen,42,49,28,12,#N/A,#N/A,#N/A,12
2012-05-12,Newspoll,45,45,30,12,#N/A,#N/A,#N/A,13
2012-05-13,F2F Morgan,44.5,46,30.5,12,#N/A,#N/A,#N/A,11.5
2012-05-20,F2F Morgan,45,45.5,32,10.5,#N/A,#N/A,#N/A,12
2012-05-26,Newspoll,46,46,32,12,#N/A,#N/A,#N/A,10
2012-05-27,F2F Morgan,42,49,27.5,13,#N/A,#N/A,#N/A,10.5
2012-06-01,Nielsen,43,48,26,14,#N/A,#N/A,#N/A,12
2012-06-03,F2F Morgan,44.5,45,32.5,10.5,#N/A,#N/A,#N/A,12
2012-06-09,Newspoll,46,44,31,14,#N/A,#N/A,#N/A,11
2012-06-10,F2F Morgan,48,42.5,33,12.5,#N/A,#N/A,#N/A,12
2012-06-16,Galaxy,44,49,31,12,#N/A,#N/A,#N/A,8
2012-06-02,F2F Morgan,46,43,29.5,14.5,#N/A,#N/A,#N/A,13
2012-06-23,Newspoll,45,46,30,12,#N/A,#N/A,#N/A,12
2012-07-04,F2F Morgan,46,43,29.5,14.5,#N/A,#N/A,#N/A,13
2012-07-07,Newspoll,44,48,31,11,#N/A,#N/A,#N/A,10
2012-07-18,F2F Morgan,46,43,31.5,12,#N/A,#N/A,#N/A,13.5
2012-07-21,Newspoll,44,46,28,11,#N/A,#N/A,#N/A,15
2012-07-27,Nielsen,44,47,30,12,#N/A,#N/A,#N/A,11
2012-08-01,F2F Morgan,46.5,43.5,32,11.5,#N/A,#N/A,#N/A,13
2012-08-04,Newspoll,46,45,33,10,#N/A,#N/A,#N/A,12
2012-08-15,F2F Morgan,47,44,34.5,10,#N/A,#N/A,#N/A,11.5
2012-08-18,Newspoll,47,45,35,11,#N/A,#N/A,#N/A,9
2012-08-24,Nielsen,46,45,32,11,#N/A,#N/A,#N/A,13
2012-09-02,F2F Morgan,48.5,41.5,34.5,11.5,#N/A,#N/A,#N/A,12.5
2012-09-01,Newspoll,45,46,33,8,#N/A,#N/A,#N/A,13
2012-09-14,Nielsen,47,45,34,10,#N/A,#N/A,#N/A,11
2012-09-12,F2F Morgan,49.5,40.5,35,12,#N/A,#N/A,#N/A,12.5
2012-09-15,Newspoll,50,41,36,12,#N/A,#N/A,#N/A,11
2012-09-19,Morgan Phone,47.5,47,39.5,8,#N/A,#N/A,#N/A,5.5
2012-09-23,F2F Morgan,50,41.5,37.5,10,#N/A,#N/A,#N/A,11
2012-10-03,F2F Morgan,49,43,37,10.5,#N/A,#N/A,#N/A,9.5
2012-10-06,Newspoll,46,45,33,10,#N/A,#N/A,#N/A,12
2012-10-19,Nielsen,48,43,34,11,#N/A,#N/A,#N/A,12
2012-10-17,F2F Morgan,42.5,38.5,37.5,12.5,#N/A,#N/A,#N/A,11.5
2012-10-27,Newspoll,50,41,36,10,#N/A,#N/A,#N/A,13
2012-10-31,F2F Morgan,48,43,35.5,10,#N/A,#N/A,#N/A,11.5
2012-11-03,Galaxy,47,47,35,11,#N/A,#N/A,#N/A,7
2012-11-10,Newspoll,49,43,36,10,#N/A,#N/A,#N/A,11
2012-11-16,Nielsen,47,45,34,12,#N/A,#N/A,#N/A,10
2012-11-14,F2F Morgan,49,38.5,36.5,11.5,#N/A,#N/A,#N/A,13.5
2012-11-24,Newspoll,49,43,36,11,#N/A,#N/A,#N/A,10
2012-11-28,Morgan Phone,47.5,44.5,36.5,8.5,#N/A,#N/A,#N/A,10.5
2012-11-30,Galaxy,46,48,34,11,#N/A,#N/A,#N/A,7
2012-11-28,F2F Morgan,49.5,40.5,36,10.5,#N/A,#N/A,#N/A,13
2012-12-08,Newspoll,46,46,32,11,#N/A,#N/A,#N/A,11
2012-12-14,Nielsen,48,43,35,10,#N/A,#N/A,#N/A,12
2012-12-02,F2F Morgan,53.5,37.5,40,12,#N/A,#N/A,#N/A,10.5
2013-01-09,F2F Morgan,49,41.5,36.5,10.5,#N/A,#N/A,#N/A,11.5
2013-01-12,Newspoll,49,44,38,9,#N/A,#N/A,#N/A,9
2013-01-23,F2F Morgan,49.5,39,36,12,#N/A,#N/A,#N/A,13
2013-02-02,Galaxy,46,48,35,10,#N/A,#N/A,#N/A,7
2013-02-02,Newspoll,44,48,32,9,#N/A,#N/A,#N/A,11
2013-02-03,F2F Morgan,48.5,42.5,38.5,8.5,#N/A,#N/A,#N/A,10.5
2013-02-10,F2F Morgan,45.5,45,33.5,9,#N/A,#N/A,#N/A,12.5
2013-02-15,Nielsen,44,47,30,11,#N/A,#N/A,#N/A,12
2013-02-23,Newspoll,45,47,31,11,#N/A,#N/A,#N/A,11
2013-02-20,F2F Morgan,46.5,44,33.5,10,#N/A,#N/A,#N/A,12.5
2013-03-02,Roy Morgan,46,45,33,10.5,#N/A,#N/A,#N/A,11.5
2013-03-06,Galaxy,45,48,32,11,#N/A,#N/A,#N/A,9
2013-03-09,Newspoll,48,44,34,11,#N/A,#N/A,#N/A,11
2013-03-09,Roy Morgan,44.5,47,31.5,11,#N/A,#N/A,#N/A,10.5
2013-03-15,Nielsen,44,47,31,10,#N/A,#N/A,#N/A,12
2013-03-16,Roy Morgan,46,46,33,11,#N/A,#N/A,#N/A,10.5
2013-03-24,AMR,44,49,33,9,#N/A,#N/A,#N/A,9
2013-03-23,Roy Morgan,44,46.5,30.5,10.5,#N/A,#N/A,#N/A,12.5
2013-03-23,Galaxy,45,47,32,12,#N/A,#N/A,#N/A,9
2013-03-23,Newspoll,42,50,30,10,#N/A,#N/A,#N/A,10
2013-03-31,Roy Morgan,42.5,49,30,11,#N/A,#N/A,#N/A,10
2013-04-06,Roy Morgan,44,46.5,31,10,#N/A,#N/A,#N/A,12.5
2013-04-06,Newspoll,45,48,32,11,#N/A,#N/A,#N/A,9
2013-04-02,ReachTEL,43,49.8,31.3,10.2,#N/A,#N/A,#N/A,8.8
2013-04-10,Galaxy,46,47,33,12,#N/A,#N/A,#N/A,8
2013-04-12,Nielsen,43,49,29,12,#N/A,#N/A,#N/A,11
2013-04-13,Roy Morgan,44,47.5,32,10.5,#N/A,#N/A,#N/A,10
2013-04-20,Newspoll,45,46,32,10,#N/A,#N/A,#N/A,12
2013-04-20,Roy Morgan,46,44,32.5,10.5,#N/A,#N/A,#N/A,13
2013-04-27,Roy Morgan,43.5,48,30.5,11,#N/A,#N/A,#N/A,10.5
2013-05-03,ReachTEL,42,48.5,29.3,10.2,#N/A,#N/A,#N/A,11.9
2013-05-04,Roy Morgan,44,46,32,8.5,#N/A,#N/A,#N/A,13.5
2013-05-04,Newspoll,44,47,31,10,#N/A,#N/A,#N/A,12
2013-05-11,Roy Morgan,44,46.5,32,9.5,#N/A,#N/A,#N/A,12
2013-05-16,Galaxy,46,46,34,10,#N/A,#N/A,#N/A,10
2013-05-17,Nielsen,46,44,32,11,#N/A,#N/A,#N/A,13
2013-05-18,Roy Morgan,45,45.5,32,10,#N/A,#N/A,#N/A,12.5
2013-05-18,Newspoll,44,46,31,9,#N/A,#N/A,#N/A,14
2013-05-25,Roy Morgan,45.5,45.5,33.5,9.5,#N/A,#N/A,#N/A,11.5
2013-06-01,Roy Morgan,44.5,45.5,31.5,9.5,#N/A,#N/A,#N/A,13.5
2013-06-01,Newspoll,42,49,30,9,#N/A,#N/A,#N/A,12
2013-06-09,Roy Morgan,44,46,31,9.5,#N/A,#N/A,#N/A,13.5
2013-06-12,Galaxy,45,47,32,11,#N/A,#N/A,#N/A,10
2013-06-14,Nielsen,43,47,29,11,#N/A,#N/A,#N/A,12
2013-06-15,Roy Morgan,45.5,44.5,33,9,#N/A,#N/A,#N/A,13.5
2013-06-22,Roy Morgan,43.5,47,30.5,9,#N/A,#N/A,#N/A,13.5
2013-06-22,Newspoll,43,48,29,9,#N/A,#N/A,#N/A,14
2013-06-27,ReachTEL,48,45.1,38.3,8.7,#N/A,#N/A,2,5.8
2013-06-28,Galaxy,49,44,38,10,#N/A,#N/A,#N/A,8
2013-06-29,Roy Morgan,51,40.5,39.5,8.5,#N/A,#N/A,#N/A,11.5
2013-06-29,Newspoll,49,43,35,11,#N/A,#N/A,#N/A,11
2013-07-06,Roy Morgan,52.5,39.5,41.5,8.5,#N/A,#N/A,#N/A,10.5
2013-07-06,Newspoll,50,42,38,9,#N/A,#N/A,#N/A,11
2013-07-07,AMR,51,43,42,7,#N/A,#N/A,#N/A,8
2013-07-12,Nielsen,50,44,39,9,#N/A,#N/A,#N/A,8
2013-07-13,Roy Morgan,51.5,41,42,7,#N/A,#N/A,#N/A,10
2013-07-19,ReachTEL,49,45.4,39.3,8.3,#N/A,#N/A,1.7,5.3
2013-07-20,Newspoll,48,45,37,10,#N/A,#N/A,#N/A,8
2013-07-20,Roy Morgan,52,41,41.5,9,#N/A,#N/A,#N/A,8.5
2013-07-24,Galaxy,50,44,40,9,#N/A,#N/A,#N/A,7
2013-07-27,Roy Morgan,50.5,41.5,38.5,10.5,#N/A,#N/A,#N/A,9.5
2013-08-03,Newspoll,48,44,37,9,#N/A,#N/A,#N/A,10
2013-08-03,Roy Morgan,49.5,43,38,9.5,#N/A,#N/A,#N/A,9.5
2013-08-04,ReachTEL,48,45.7,37.5,8.2,#N/A,#N/A,1.8,6.8
2013-08-07,Nielsen,48,46,37,10,#N/A,#N/A,#N/A,8
2013-08-08,Galaxy,49,45,38,10,#N/A,#N/A,#N/A,7
2013-08-10,ReachTEL,47,46.9,36.9,8.9,#N/A,#N/A,1.7,5.7
2013-08-10,Roy Morgan,48.5,44,36.5,10.5,#N/A,#N/A,#N/A,9
2013-08-10,Newspoll,48,46,35,11,#N/A,#N/A,#N/A,8
2013-08-13,Morgan Phone,43,52,31,9,#N/A,#N/A,#N/A,8
2013-08-15,Galaxy,48,45,36,10,#N/A,#N/A,#N/A,9
2013-08-17,AMR,50,41,38,10,#N/A,#N/A,#N/A,11
2013-08-17,Roy Morgan,48,44.5,36.5,9.5,#N/A,#N/A,#N/A,9.5
2013-08-17,Newspoll,46,47,34,9,#N/A,#N/A,#N/A,10
2013-08-20,Nielsen,47,47,35,10,#N/A,#N/A,#N/A,7
2013-08-24,Roy Morgan,47.5,45,34.5,11,#N/A,#N/A,#N/A,9.5
2013-08-24,Newspoll,47,47,37,9,#N/A,#N/A,#N/A,7
2013-08-27,ReachTEL,47,46.5,35.7,10.1,#N/A,#N/A,2.4,5.3
2013-08-29,Roy Morgan,46,44,30.5,12,#N/A,#N/A,#N/A,13.5
2013-08-30,Galaxy,47,46,35,10,#N/A,#N/A,#N/A,9
2013-08-31,Newspoll,46,46,33,10,#N/A,#N/A,#N/A,11
2013-08-31,Roy Morgan,48,43,34,11,#N/A,#N/A,#N/A,12
2013-09-01,AMR,48,44,34,10,#N/A,#N/A,#N/A,12
2013-09-03,ReachTEL,48,44.2,35.3,9.7,#N/A,#N/A,4.4,6.3
2013-09-03,Galaxy,47,45,35,9,#N/A,#N/A,5,11
2013-09-03,Lonergan,49.2,42,35,14,#N/A,#N/A,#N/A,10
2013-09-04,ReachTEL,47,43.6,32.7,10,#N/A,#N/A,6.1,13.7
2013-09-04,Newspoll,46,46,33,9,#N/A,#N/A,#N/A,12
2013-09-05,Nielsen,46,46,33,11,#N/A,#N/A,#N/A,10
2013-09-05,ReachTEL,47,43.5,33.7,10.2,#N/A,#N/A,7,5.7
2013-09-05,Roy Morgan,45.5,45,31.5,9.5,#N/A,#N/A,6.5,14
2013-09-22,Roy Morgan,49.5,43.5,34,10.5,#N/A,#N/A,#N/A,12
2013-10-06,Roy Morgan,50.5,42,37,9,#N/A,#N/A,#N/A,12
2013-10-10,ReachTEL,47.57,45.5,35.3,8.6,#N/A,#N/A,5.7,4.9
2013-10-20,Roy Morgan,48.5,43.5,34.5,10,#N/A,#N/A,#N/A,12
2013-10-26,Newspoll,44,47,31,10,#N/A,#N/A,#N/A,12
2013-11-03,Roy Morgan,50,41.5,35,10.5,#N/A,#N/A,#N/A,13
2013-11-09,Newspoll,47,45,32,12,#N/A,#N/A,#N/A,11
2013-11-17,Roy Morgan,49,41.5,35,10.5,#N/A,#N/A,#N/A,13
2013-11-21,ReachTEL,48.32,43.8,34.5,9.8,#N/A,#N/A,6.6,5.7
2013-11-22,Nielsen,52,41,37,11,#N/A,#N/A,#N/A,11
2013-11-23,Newspoll,48,43,35,10,#N/A,#N/A,#N/A,12
2013-12-01,Roy Morgan,51.5,41.5,38.5,8.5,#N/A,#N/A,3.5,12.5
2013-12-11,Newspoll,52,40,38,11,#N/A,#N/A,#N/A,11
2013-12-15,ReachTEL,52,41.4,40.4,8.7,#N/A,#N/A,5.1,9.5
2013-12-11,Roy Morgan,52.5,40.5,38.5,10,#N/A,#N/A,3.5,11
2014-01-08,Roy Morgan,52.5,38,39,10.5,#N/A,#N/A,3.5,9
2014-01-23,ReachTEL,53,39.8,40.6,9.1,#N/A,#N/A,4.6,5.9
2014-01-22,Roy Morgan,53,39.5,37,11.5,#N/A,#N/A,3,12
2014-02-08,Newspoll,51,41,35,12,#N/A,#N/A,#N/A,12
2014-02-14,Nielsen,48,44,33,12,#N/A,#N/A,#N/A,11
2014-02-22,Newspoll,54,39,39,10,#N/A,#N/A,#N/A,12
2014-02-19,Roy Morgan,50.5,41,35.5,10.5,#N/A,#N/A,4.5,13
2014-02-27,ReachTEL,52.73,40.3,39.2,10.5,#N/A,#N/A,4.4,5.6
2014-03-05,Roy Morgan,52.5,39.5,37,12,#N/A,#N/A,4,7.5
2014-03-08,Newspoll,51,41,35,11,#N/A,#N/A,#N/A,13
2014-03-14,Nielsen,49,44,35,12,#N/A,#N/A,4,10
2014-03-22,Newspoll,52,40,36,13,#N/A,#N/A,#N/A,11
2014-03-19,Roy Morgan,54.5,38,38.5,11,#N/A,#N/A,4.5,12.5
2014-03-29,Galaxy,50,43,37,10,#N/A,#N/A,#N/A,10
2014-04-05,Newspoll,49,43,34,11,#N/A,#N/A,#N/A,12
2014-04-07,Roy Morgan,51.5,38.5,34.5,12,#N/A,#N/A,#N/A,15
2014-04-11,Nielsen,52,40,34,17,#N/A,#N/A,#N/A,9
2014-04-16,Roy Morgan,52,38.5,34,13,#N/A,#N/A,#N/A,14.5
2014-04-30,Roy Morgan,53.5,37.5,37,12,#N/A,#N/A,5.5,8
2014-05-03,ReachTEL,53.84,38.9,39.6,11.2,#N/A,#N/A,6,4.3
2014-05-03,Newspoll,53,38,34,14,#N/A,#N/A,#N/A,14
2014-05-02,Galaxy,52,39,37,11,#N/A,#N/A,#N/A,13
2014-05-08,ReachTEL,52.63,40.8,39.8,10.5,#N/A,#N/A,7,4.8
2014-05-15,Galaxy,53,38,38,10,#N/A,#N/A,8,6
2014-05-16,Nielsen,56,35,40,14,#N/A,#N/A,#N/A,12
2014-05-17,Newspoll,55,36,38,11,#N/A,#N/A,#N/A,15
2014-05-18,Roy Morgan,57.5,35,38.5,12,#N/A,#N/A,6.5,14.5
2014-05-28,Roy Morgan,55,35,38,11,#N/A,#N/A,7.5,8.5
2014-05-30,Newspoll,54,36,37,12,#N/A,#N/A,#N/A,15
2014-06-08,Roy Morgan,59,33,42,12,#N/A,#N/A,4.5,8.5
2014-06-14,Newspoll,53,37,36,10,#N/A,#N/A,#N/A,17
2014-06-15,Roy Morgan,54.5,36.5,38,12,#N/A,#N/A,5.5,0
2014-06-20,Nielsen,53,39,37,13,#N/A,#N/A,#N/A,11
2014-06-25,Roy Morgan,54.5,35,36.5,12,#N/A,#N/A,7,9.5
2014-06-26,ReachTEL,52.7,39.6,38.7,10.3,#N/A,#N/A,6.8,4.7
2014-06-28,Newspoll,55,35,37,13,#N/A,#N/A,#N/A,15
2014-06-25,Roy Morgan,57.5,35,36.5,12,#N/A,#N/A,7,16.5
2014-07-09,Roy Morgan,56,34,38.5,11.5,#N/A,#N/A,7.5,8.5
2014-07-11,Nielsen,50,39,40,12,#N/A,#N/A,5,4
2014-07-11,Galaxy,52,39,37,11,#N/A,#N/A,7,6
2014-07-12,Newspoll,54,36,37,11,#N/A,#N/A,#N/A,16
2014-07-23,Roy Morgan,54,38,39,10.5,#N/A,#N/A,5,7.5
2014-07-26,Newspoll,54,36,36,12,#N/A,#N/A,#N/A,16
2014-08-09,Newspoll,52,40,34,13,#N/A,#N/A,#N/A,13
2014-08-08,Roy Morgan,56,37.5,38,11,#N/A,#N/A,5.5,13.5
2014-08-20,Roy Morgan,55.5,37.5,38.5,10.5,#N/A,#N/A,4.5,13.5
2014-08-21,ReachTEL,51.03,37.3,41.2,9.8,#N/A,#N/A,6.7,4.9
2014-08-23,Newspoll,51,40,34,11,#N/A,#N/A,#N/A,15
2014-09-06,Newspoll,52,39,35,14,#N/A,#N/A,#N/A,12
2014-09-03,Roy Morgan,54,38,37,10.5,#N/A,#N/A,4.5,14.5
2014-09-18,ReachTEL,51,41.6,37.4,10.5,#N/A,#N/A,5.3,10.5
2014-09-17,Roy Morgan,54.5,38.5,37.5,12,#N/A,#N/A,4,12
2014-09-23,Newspoll,51,41,34,11,#N/A,#N/A,#N/A,14
2014-10-05,Galaxy,51,42,36,12,#N/A,#N/A,4,10
2014-10-05,Roy Morgan,53,40,35,12,#N/A,#N/A,3.5,13
2014-10-20,Roy Morgan,52,39.5,35.5,12,#N/A,#N/A,3.5,13
2014-10-21,Newspoll,53,38,34,14,#N/A,#N/A,#N/A,14
2014-10-23,ReachTEL,52,40.1,37.5,11.5,#N/A,#N/A,5.1,10.9
2014-10-31,Ipsos,51,42,37,12,#N/A,#N/A,3,10
2014-10-29,Roy Morgan,54.5,38.5,37.5,12.5,#N/A,#N/A,3,11.5
2014-11-04,Newspoll,54,38,36,13,#N/A,#N/A,#N/A,13
2014-11-12,Roy Morgan,55.5,38,38.5,12,#N/A,#N/A,2.5,11.5
2014-11-18,Newspoll,55,36,39,11,#N/A,#N/A,#N/A,14
2014-11-21,ReachTEL,53,40.2,38.7,11.1,#N/A,#N/A,3.1,9.9
2014-11-26,Roy Morgan,53.5,37,37.5,12,#N/A,#N/A,2,11.5
2014-11-30,Newspoll,54,37,37,13,#N/A,#N/A,#N/A,13
2014-12-03,Galaxy,55,38,41,11,#N/A,#N/A,#N/A,10
2014-12-05,Ipsos,52,40,37,12,#N/A,#N/A,2,11
2015-12-10,Roy Morgan,57.5,35,41,11.5,#N/A,#N/A,2,12.5
2014-12-14,Newspoll,54,38,39,12,#N/A,#N/A,#N/A,11
2014-12-25,Roy Morgan,56.5,37.5,39.5,12,#N/A,#N/A,#N/A,11
2015-01-07,Roy Morgan,53,38.5,38.5,9.5,#N/A,#N/A,2,11.5
2015-01-25,Roy Morgan,55.5,37.5,39.5,12,#N/A,#N/A,3,8
2015-01-27,ReachTEL,54,39.7,40.2,11.3,#N/A,#N/A,2.7,8.8
2015-01-29,Galaxy,57,36,43,11,#N/A,#N/A,3,10
2015-02-05,Galaxy,57,36,43,11,#N/A,#N/A,3,10
2015-02-05,ReachTEL,55,38.4,41.4,11.2,#N/A,#N/A,#N/A,8.9
2015-02-04,Roy Morgan,57.5,35,41,12,#N/A,#N/A,2,12
2015-02-07,Newspoll,57,35,41,12,#N/A,#N/A,#N/A,12
2015-02-18,Roy Morgan,55,37.5,40.5,10,#N/A,#N/A,2,10
2015-02-21,Newspoll,53,38,38,12,#N/A,#N/A,#N/A,12
2015-02-27,Ipsos,51,42,36,12,#N/A,#N/A,#N/A,10
2015-03-04,Roy Morgan,53.5,39,38,12.5,#N/A,#N/A,2,11.5
2015-03-08,Newspoll,55,38,39,12,#N/A,#N/A,#N/A,11
2015-03-18,Roy Morgan,56,38,40,11,#N/A,#N/A,1.5,11
2015-03-21,Newspoll,51,41,37,11,#N/A,#N/A,#N/A,11
2015-03-29,ReachTEL,54,39.6,40.5,11.5,#N/A,#N/A,2.2,8.5
2015-04-02,Roy Morgan,53,40.5,36,12.5,#N/A,#N/A,1.5,11
2015-04-10,Ipsos,54,39,38,13,#N/A,#N/A,#N/A,9
2015-04-11,Newspoll,51,41,36,11,#N/A,#N/A,#N/A,12
2015-04-15,Roy Morgan,53,38.5,38,12,#N/A,#N/A,1.5,11
2015-04-23,ReachTEL,53.53,39.8,39.3,11.9,#N/A,#N/A,2.2,6.8
2015-04-29,Roy Morgan,53.5,40,37.5,11.5,#N/A,#N/A,1,11
2015-05-04,Newspoll,52,39,35,12,#N/A,#N/A,#N/A,14
2015-05-13,ReachTEL,53,41.1,38.3,12.1,#N/A,#N/A,2.2,8.6
2015-05-14,Galaxy,52,41,39,11,#N/A,#N/A,2,7
2015-05-17,Newspoll,53,40,37,12,#N/A,#N/A,#N/A,11
2015-05-17,Ipsos,50,43,35,13,#N/A,#N/A,1,9
2015-05-17,Roy Morgan,51,41.5,35.5,12.5,#N/A,#N/A,1.5,10.5
2015-05-27,Roy Morgan,53,41,37,13,#N/A,#N/A,1,9
2015-06-02,Newspoll,52,41,37,13,#N/A,#N/A,#N/A,9
2015-06-12,Ipsos,53,40,37,14,#N/A,#N/A,#N/A,10
2015-06-10,Roy Morgan,54.5,37.5,37.5,13.5,#N/A,#N/A,1.5,11.5
2015-06-16,Newspoll,51,40,34,14,#N/A,#N/A,#N/A,12
2015-06-24,Roy Morgan,53.5,39,36,14,#N/A,#N/A,1.5,11
2015-06-25,ReachTEL,51.77,41.9,37,13.1,#N/A,#N/A,1.3,6.7
2015-07-03,Ipsos,53,39,35,16,#N/A,#N/A,#N/A,10
2015-07-05,Newspoll,52,40,37,13,#N/A,#N/A,#N/A,10
2015-07-08,Roy Morgan,51,41.5,34.5,13.5,#N/A,#N/A,1,10.5
2015-07-18,Newspoll,53,40,39,12,#N/A,#N/A,#N/A,9
2015-07-22,Roy Morgan,54,39,35.5,15,#N/A,#N/A,1,10.5
2015-07-30,ReachTEL,53,40.6,38,12.9,#N/A,#N/A,1.4,8.6
2015-08-06,ReachTEL,53,40.2,38.3,12.8,#N/A,#N/A,1.4,8.7
2015-08-09,Newspoll,54,39,39,13,#N/A,#N/A,#N/A,9
2015-08-05,Roy Morgan,57,36.5,37,15.5,#N/A,#N/A,1,11
2015-08-14,Ipsos,56,38,36,16,#N/A,#N/A,2,11
2015-08-22,Newspoll,54,38,39,13,#N/A,#N/A,2,10
2015-08-19,Roy Morgan,54.5,38.5,36,14,#N/A,#N/A,1.5,11.5
2015-08-27,ReachTEL,53,40.3,37.5,13.4,#N/A,#N/A,1.3,8.9
2015-09-05,Newspoll,54,39,39,12,#N/A,#N/A,#N/A,10
2015-09-06,Roy Morgan,55,36.5,35.5,16.5,#N/A,#N/A,1,11.5
2015-09-13,Roy Morgan,57,35,36.5,16,#N/A,#N/A,1.5,12.5
2015-09-15,ReachTEL,50,43.3,35.9,11.9,#N/A,#N/A,0.8,8.9
2015-09-16,Galaxy,49,44,36,11,#N/A,#N/A,2,9
2015-09-19,Newspoll,49,44,35,11,#N/A,#N/A,#N/A,10
2015-09-20,Roy Morgan,45,46,29.5,13,#N/A,#N/A,1.5,11.5
2015-10-01,Roy Morgan,44,47,27.5,14,#N/A,#N/A,1.5,11.5
2015-10-10,Newspoll,50,43,35,12,#N/A,#N/A,#N/A,10
2015-10-16,Ipsos,46,45,30,14,#N/A,#N/A,#N/A,10
2015-10-14,Roy Morgan,44,46.5,27.5,15.5,#N/A,#N/A,0.5,10.5
2015-10-22,ReachTEL,47,46.7,33,11.3,#N/A,#N/A,0.9,9.1
2015-10-24,Newspoll,48,45,35,11,#N/A,#N/A,#N/A,9
2015-10-28,Roy Morgan,43.5,47,28.5,14.5,#N/A,#N/A,1,10
2015-11-07,Newspoll,47,46,34,10,#N/A,#N/A,#N/A,10
2015-11-13,Ipsos,43,48,29,13,#N/A,#N/A,#N/A,10
2015-11-11,Roy Morgan,44,46,28,14.5,#N/A,#N/A,1,11.5
2015-11-21,Newspoll,47,46,33,11,#N/A,#N/A,#N/A,10
2015-11-26,ReachTEL,45,48.8,31.1,11.2,#N/A,#N/A,1,8.9
2015-11-25,Roy Morgan,44,46.5,28.5,14,#N/A,#N/A,1,11
2015-12-05,Newspoll,47,45,33,12,#N/A,#N/A,#N/A,10
2015-12-09,Roy Morgan,42.5,48,27,14.5,#N/A,#N/A,1,10.5
2016-01-06,Roy Morgan,44,47,29,13,#N/A,#N/A,1,11
2016-01-21,ReachTEL,45,48.5,31.8,10.8,#N/A,#N/A,0.8,9.1
2016-01-20,Roy Morgan,45,43.5,28,15,#N/A,2,0.5,13.5
2016-01-30,Newspoll,47,46,34,11,#N/A,#N/A,#N/A,9
2016-02-03,Roy Morgan,47.5,43.5,29,16,#N/A,#N/A,#N/A,11.5
2016-02-11,ReachTEL,46,48.1,32.8,10.1,#N/A,#N/A,0.7,9
2016-02-12,Ipsos,48,44,32,15,#N/A,#N/A,#N/A,10
2016-02-17,Roy Morgan,47.5,43.5,29.5,15,#N/A,1.5,1,12
2016-02-20,Newspoll,50,43,35,12,#N/A,#N/A,#N/A,10
2016-03-03,Roy Morgan,47,43,29.5,13,#N/A,5,0.5,14.5
2016-03-05,Newspoll,50,43,35,12,#N/A,#N/A,#N/A,10
2016-03-11,Ipsos,47,45,31,14,#N/A,#N/A,#N/A,10
2016-03-16,Roy Morgan,50.5,40,33,14,#N/A,4,0,13
2016-03-19,Newspoll,49,43,34,12,#N/A,#N/A,#N/A,11
2016-03-21,ReachTEL,48,46.6,34.4,10.5,#N/A,0.5,#N/A,8.6
2016-03-30,Roy Morgan,47.5,42,31,13,#N/A,4.5,0,14
2016-04-02,Newspoll,51,41,36,11,#N/A,#N/A,#N/A,12
2016-04-14,ReachTEL,50,43.5,35.8,9.8,#N/A,3.8,#N/A,10.9
2016-04-15,Ipsos,50,42,33,14,#N/A,#N/A,#N/A,11
2016-04-13,Roy Morgan,50,40.5,32,14,#N/A,4.5,0,13.5
2016-04-16,Newspoll,51,41,36,11,#N/A,#N/A,#N/A,12
2016-04-27,Roy Morgan,51,40,32.5,13.5,#N/A,4,0,14
2016-05-05,ReachTEL,50,43.2,35.1,9.5,#N/A,4.2,#N/A,12.2
2016-05-05,Galaxy,50,42,36,11,#N/A,#N/A,#N/A,11
2016-05-06,Ipsos,49,44,33,14,#N/A,#N/A,#N/A,9
2016-05-07,Newspoll,51,41,37,11,#N/A,#N/A,#N/A,11
2016-05-07,Lonergan,50,42,35,12,#N/A,#N/A,#N/A,10
2016-05-15,Roy Morgan,52.5,36.5,33,15.5,#N/A,5,0,15
2016-05-18,Ipsos,49,43,34,14,#N/A,#N/A,#N/A,9
2016-05-19,ReachTEL,50,42.6,36.6,9.9,#N/A,2.7,#N/A,10.9
2016-05-21,Newspoll,51,41,36,11,#N/A,#N/A,#N/A,12
2016-05-26,ReachTEL,52,41.1,36.5,9.6,#N/A,4.3,#N/A,12.8
2016-05-25,Roy Morgan,51,37.5,32.5,13,#N/A,5,0,17
2016-06-01,Ipsos,51,42,36,13,#N/A,#N/A,#N/A,9
2016-06-02,ReachTEL,50,41.5,34.9,10.1,#N/A,5,#N/A,13.5
2016-06-04,Newspoll,50,40,35,10,#N/A,3,1,15
2016-06-09,ReachTEL,50,42.7,33.2,9.9,#N/A,2.5,#N/A,14.3
2016-06-15,Ipsos,51,39,33,14,#N/A,#N/A,#N/A,14
2016-06-16,ReachTEL,49,43.5,33.6,9.1,#N/A,4.2,#N/A,13.7
2016-06-18,Newspoll,50,41,36,10,#N/A,#N/A,#N/A,13
2016-06-24,Galaxy,50,42,35,11,#N/A,#N/A,#N/A,12
2016-06-23,ReachTEL,49,42.3,33.7,10.5,#N/A,1.4,#N/A,13.3
2016-06-25,Newspoll,49,43,36,9,#N/A,#N/A,#N/A,12
2016-06-28,Ipsos,50,40,33,13,#N/A,#N/A,#N/A,14
2016-06-29,Galaxy,49,43,36,10,#N/A,#N/A,#N/A,11
2016-06-30,ReachTEL,49,42.8,34.6,10.7,#N/A,1.5,#N/A,12
2016-06-30,Newspoll,49.5,42,35,10,#N/A,#N/A,#N/A,13
2016-07-08,Essential,51,41,36,10,#N/A,#N/A,#N/A,13
2016-07-15,Essential,51,39,36,10,#N/A,#N/A,#N/A,15
2016-07-22,Essential,52,39,37,10,#N/A,#N/A,#N/A,14
2016-07-30,Essential,52,39,37,10,#N/A,#N/A,#N/A,14
2016-08-07,Essential,52,40,37,10,#N/A,#N/A,#N/A,13
2016-08-14,Essential,52,39,37,10,#N/A,#N/A,#N/A,14
2016-08-21,Essential,51,39,36,10,#N/A,#N/A,#N/A,15
2016-08-27,Newspoll,50,41,36,9,#N/A,#N/A,#N/A,14
2016-08-28,Essential,51,40,37,10,#N/A,#N/A,#N/A,13
2016-09-10,Newspoll,50,41,36,9,#N/A,#N/A,#N/A,14
2016-09-11,Essential,52,38,37,10,5,#N/A,#N/A,11
2016-09-24,Newspoll,52,38,37,10,#N/A,#N/A,#N/A,15
2016-10-08,Newspoll,52,39,36,10,6,#N/A,#N/A,9
2016-10-09,Essential,52,38,36,10,6,#N/A,#N/A,10
2016-10-16,Essential,53,37,37,11,5,#N/A,#N/A,9
2016-10-22,Newspoll,52,39,37,10,5,#N/A,#N/A,9
2016-11-05,Newspoll,53,39,38,10,#N/A,#N/A,#N/A,13
2016-11-13,Essential,53,37,37,11,6,#N/A,#N/A,9
2016-11-19,Newspoll,53,38,38,10,4,#N/A,#N/A,10
2016-11-25,Ipsos,51,36,30,16,7,#N/A,#N/A,9
2016-11-27,Essential,51,39,36,9,7,#N/A,#N/A,9
2016-12-03,Newspoll,52,39,36,10,5,#N/A,#N/A,10
2016-12-11,Essential,53,37,37,9,7,#N/A,#N/A,9
2017-01-12,ReachTEL,54,37.1,35,9.8,10.6,#N/A,#N/A,7.5
2017-01-15,Essential,53,38,37,9,8,#N/A,#N/A,8
2017-01-22,Essential,54,35,37,10,9,#N/A,#N/A,8
2017-02-04,Newspoll,54,35,36,10,8,#N/A,#N/A,11
2017-02-11,Essential,52,36,35,9,10,#N/A,#N/A,9
2017-02-18,Essential,52,36,34,10,10,#N/A,#N/A,10
2017-02-25,Newspoll,55,34,37,10,10,#N/A,#N/A,9
2017-03-05,Essential,53,37,37,9,9,#N/A,#N/A,8
2017-03-12,Essential,53,35,36,9,11,#N/A,#N/A,9
2017-03-18,Newspoll,52,37,35,9,10,#N/A,#N/A,9
2017-03-19,Essential,55,34,37,9,10,#N/A,#N/A,9
2017-03-24,Ipsos,55,33,34,16,2,#N/A,#N/A,15
2017-03-26,Essential,54,35,37,10,8,#N/A,#N/A,11
2017-04-01,Newspoll,53,36,36,10,10,#N/A,#N/A,8
2017-04-03,Essential,53,37,36,10,8,#N/A,#N/A,9
2017-04-08,Essential,53,37,36,10,8,#N/A,#N/A,9
2017-04-15,Essential,54,36,37,10,8,#N/A,#N/A,10
2017-04-22,Newspoll,52,36,35,9,10,#N/A,#N/A,10
2017-04-28,Essential,53,38,37,9,7,#N/A,#N/A,9
2017-05-11,Ipsos,53,37,35,13,2,#N/A,#N/A,13
2017-05-11,ReachTEL,53,38,34.1,10.9,11,#N/A,#N/A,6
2017-05-14,Newspoll,53,36,36,10,9,#N/A,#N/A,9
2017-05-23,Essential,54,37,38,10,6,#N/A,#N/A,9
2017-05-28,Newspoll,53,36,36,10,9,#N/A,#N/A,9
2017-06-14,Essential,52,38,36,10,8,#N/A,#N/A,8
2017-06-17,Newspoll,53,36,37,9,11,#N/A,#N/A,7
2017-06-25,YouGov,51,33,34,12,7,#N/A,#N/A,14
2017-06-29,ReachTEL,52,36.4,35.4,10.2,9.6,#N/A,#N/A,8.3
2017-07-08,Newspoll,53,35,36,10,11,#N/A,#N/A,8
2017-07-09,YouGov,48,36,33,12,7,#N/A,#N/A,12
2017-07-18,Essential,54,36,38,10,7,#N/A,#N/A,9
2017-07-19,ReachTEL,51,37.2,35.1,8.8,11.7,#N/A,#N/A,7.2
2017-07-22,Newspoll,53,36,37,9,9,#N/A,#N/A,9
2017-07-22,YouGov,50,36,33,10,8,#N/A,#N/A,13
2017-07-25,Essential,53,38,37,10,7,#N/A,#N/A,8
2017-08-01,Essential,52,38,36,10,8,#N/A,#N/A,8
2017-08-05,Newspoll,53,36,36,11,8,#N/A,#N/A,9
2017-08-08,Essential,54,37,39,9,8,#N/A,#N/A,7
2017-08-15,Essential,54,37,39,9,8,#N/A,#N/A,7
2017-08-19,Newspoll,54,35,38,9,9,#N/A,#N/A,9
2017-08-19,YouGov,49,34,33,10,10,#N/A,#N/A,13
2017-08-22,Essential,53,37,37,9,8,#N/A,#N/A,9
2017-08-23,ReachTEL,52,34.5,36.7,10.3,10.4,#N/A,#N/A,8.2
2017-08-29,Essential,53,37,36,10,8,#N/A,#N/A,9
2017-08-31,Newspoll,53,37,38,9,8,#N/A,#N/A,8
2017-09-02,YouGov,50,34,32,12,9,#N/A,#N/A,13
2017-09-05,Essential,53,36,37,10,8,#N/A,#N/A,9
2017-09-08,Ipsos,53,35,34,14,1,#N/A,#N/A,15
2017-09-12,Essential,54,36,37,10,9,#N/A,#N/A,8
2017-09-16,YouGov,50,34,35,11,9,#N/A,#N/A,11
2017-09-19,Essential,52,38,36,10,8,#N/A,#N/A,8
2017-09-23,Newspoll,54,36,38,9,8,#N/A,#N/A,9
2017-09-26,Essential,53,37,37,10,7,#N/A,#N/A,9
2017-10-01,ReachTEL,53,36,38,9,8,#N/A,#N/A,9
2017-10-04,Essential,54,36,38,10,7,#N/A,#N/A,10
2017-10-14,Newspoll,54,36,37,10,9,#N/A,#N/A,8
2017-10-24,Essential,52,37,36,9,8,#N/A,#N/A,10
2017-10-28,Newspoll,54,35,37,10,9,#N/A,#N/A,9
2017-10-30,Essential,54,36,37,10,7,#N/A,#N/A,9
2017-11-13,Newspoll,55,34,38,9,10,#N/A,#N/A,9
2017-11-14,Essential,54,36,38,8,8,#N/A,#N/A,10
2017-11-14,YouGov,52,31,34,11,11,#N/A,#N/A,14
2017-11-21,Essential,54,35,38,9,8,#N/A,#N/A,10
2017-11-25,YouGov,53,32,32,10,11,#N/A,#N/A,16
2017-11-28,Essential,54,36,38,9,8,#N/A,#N/A,9
2017-11-29,ReachTEL,53,33,36,10,9,#N/A,#N/A,12
2017-12-02,Newspoll,53,36,37,10,8,#N/A,#N/A,9
2017-12-05,Essential,55,35,38,9,8,#N/A,#N/A,10
2017-12-09,YouGov,50,34,35,11,8,#N/A,#N/A,13
2017-12-12,Essential,54,35,38,10,7,#N/A,#N/A,9
2017-12-16,Newspoll,53,36,37,10,7,#N/A,#N/A,10
2017-12-19,Essential,53,37,38,9,7,#N/A,#N/A,9
2018-01-13,Essential,53,37,38,9,6,#N/A,#N/A,10
2018-01-25,ReachTEL,52,34,36,10,8,#N/A,#N/A,12
2018-01-27,Essential,54,35,36,10,8,#N/A,#N/A,11
2018-02-02,Newspoll,52,38,37,10,5,#N/A,#N/A,10
2018-02-10,Essential,54,36,37,10,6,#N/A,#N/A,11
2018-02-17,Newspoll,53,36,37,10,8,#N/A,#N/A,9
2018-02-24,ReachTEL,54,33,37,11,7,#N/A,#N/A,12
2018-02-24,Essential,53,35,35,10,8,#N/A,#N/A,12
2018-03-03,Newspoll,53,37,38,9,7,#N/A,#N/A,9
2018-03-07,Roy Morgan,54,36,36,13.5,3,#N/A,#N/A,11.5
2018-03-10,Essential,54,36,38,9,8,#N/A,#N/A,9
2018-03-21,Roy Morgan,51,40,35,12,3.5,#N/A,#N/A,9.5
2018-03-24,Newspoll,53,37,39,9,7,#N/A,#N/A,8
2018-03-24,Essential,52,38,36,9,8,#N/A,#N/A,9
2018-03-28,ReachTEL,54,34,36,10,7,#N/A,#N/A,13
2018-03-28,Roy Morgan,51,38.5,37.5,11,3,#N/A,#N/A,10
2018-04-04,Ipsos,52,36,34,12,8,#N/A,#N/A,10
2018-04-07,Newspoll,52,38,37,10,7,#N/A,#N/A,8
2018-04-07,Essential,53,38,37,10,7,#N/A,#N/A,8
2018-04-21,Newspoll,51,38,37,9,7,#N/A,#N/A,9
2018-04-21,Essential,53,37,36,11,8,#N/A,#N/A,8
2018-04-30,ReachTEL,52,36,35,11,6,#N/A,#N/A,12
2018-05-05,Essential,53,38,37,10,6,#N/A,#N/A,9
2018-05-11,Ipsos,54,36,37,11,5,#N/A,#N/A,11
2018-05-12,Newspoll,51,39,38,9,6,#N/A,#N/A,8
2018-05-12,Essential,52,38,36,10,7,#N/A,#N/A,8
2018-05-19,Essential,51,40,36,10,8,#N/A,#N/A,7
2018-05-26,Newspoll,52,38,38,9,8,#N/A,#N/A,7
2018-06-02,Essential,54,36,37,10,8,#N/A,#N/A,9
2018-06-01,ReachTEL,52,35,34,11,9,#N/A,#N/A,11
2018-06-16,Essential,52,38,35,11,7,#N/A,#N/A,9
2018-06-16,Newspoll,52,38,38,10,6,#N/A,#N/A,8
2018-06-23,Ipsos,53,35,35,12,6,#N/A,#N/A,12
2018-06-30,Newspoll,51,39,37,9,6,#N/A,#N/A,9
2018-06-30,Essential,52,40,37,11,6,#N/A,#N/A,6
2018-07-14,Newspoll,51,38,36,10,7,#N/A,#N/A,9
2018-07-14,Essential,51,40,36,10,6,#N/A,#N/A,8
2018-07-28,Newspoll,51,39,36,10,7,#N/A,#N/A,8
2018-08-02,ReachTEL,52,37,34,12,8,#N/A,#N/A,8
2018-08-11,Newspoll,51,37,35,10,9,#N/A,#N/A,9
2018-08-17,Ipsos,55,33,35,13,8,#N/A,#N/A,11
2018-08-25,Newspoll,56,33,41,10,7,#N/A,#N/A,9
2018-08-25,Essential,55,35,39,10,7,#N/A,#N/A,9
2018-08-26,Roy Morgan,54,36.5,36,13,2.5,#N/A,#N/A,12
2018-09-08,Newspoll,56,34,42,10,6,#N/A,#N/A,8
2018-09-08,Essential,54,36,37,10,8,#N/A,#N/A,9
2018-09-14,Ipsos,53,34,31,15,7,#N/A,#N/A,13
2018-09-22,Newspoll,54,36,39,10,6,#N/A,#N/A,9
2018-09-22,Essential,53,37,36,12,5,#N/A,#N/A,10
2018-10-06,Essential,53,37,36,12,5,#N/A,#N/A,10
2018-10-12,Ipsos,55,35,35,15,5,#N/A,#N/A,10
2018-10-12,Newspoll,53,37,38,11,6,#N/A,#N/A,8
2018-10-20,Essential,53,38,37,10,7,#N/A,#N/A,8
2018-10-27,Newspoll,54,36,39,9,6,#N/A,#N/A,10
2018-11-03,Essential,54,36,39,10,6,#N/A,#N/A,9
2018-11-10,Newspoll,55,35,40,9,6,#N/A,#N/A,10
2018-11-16,Ipsos,52,37,34,13,5,#N/A,#N/A,11
2018-11-17,Essential,52,37,35,11,7,#N/A,#N/A,10
2018-11-24,Newspoll,55,34,40,9,8,#N/A,#N/A,9
2018-12-01,Essential,54,38,39,10,6,#N/A,#N/A,7
2018-12-08,Newspoll,55,35,41,9,7,#N/A,#N/A,8
2018-12-14,Ipsos,54,36,37,13,6,#N/A,#N/A,9
2018-12-15,Essential,53,37,36,11,7,#N/A,#N/A,9
2019-01-11,Essential,53,38,38,10,7,#N/A,#N/A,7
2019-01-26,Newspoll,53,37,38,9,6,#N/A,#N/A,10
2019-01-27,Essential,52,38,36,10,7,#N/A,#N/A,9
2019-02-09,Newspoll,53,37,39,9,5,#N/A,#N/A,10
2019-02-09,Essential,55,34,38,10,7,#N/A,#N/A,11
2019-02-14,Ipsos,51,38,33,13,5,#N/A,#N/A,11
2019-02-23,Newspoll,53,37,39,9,5,#N/A,#N/A,10
2019-02-23,Essential,52,38,37,9,7,#N/A,#N/A,10
2019-03-09,Newspoll,54,36,39,9,7,#N/A,#N/A,9
2019-03-09,Essential,53,37,38,8,7,#N/A,#N/A,10
2019-03-23,Essential,52,39,36,10,7,#N/A,#N/A,8
2019-03-27,Galaxy,53,35,37,10,8,#N/A,3,7
2019-04-05,Ipsos,53,37,34,13,5,#N/A,#N/A,11
2019-04-06,Newspoll,52,38,37,9,6,#N/A,#N/A,10
2019-04-07,Roy Morgan,52.5,37,35,13.5,4,#N/A,1.5,9
2019-04-06,Essential,52,38,35,11,5,#N/A,#N/A,10
2019-04-13,Newspoll,52,39,39,9,4,#N/A,#N/A,9
2019-04-21,Roy Morgan,51,39,35.5,9.5,4.5,#N/A,2,9.5
2019-04-24,Galaxy,52,37,37,9,4,#N/A,4,9
2019-04-27,Newspoll,51,38,37,9,4,#N/A,5,7
2019-04-28,Roy Morgan,51,39.5,36,9.5,2.5,#N/A,2,10.5
2019-04-27,Essential,51,39,37,9,6,#N/A,#N/A,9
2019-05-03,Ipsos,52,36,33,14,5,#N/A,3,7
2019-05-04,Newspoll,51,38,36,9,5,#N/A,4,8
2019-05-05,Roy Morgan,51,38.5,34,11,4,#N/A,3.5,9
2019-05-04,Essential,52,38,34,12,7,#N/A,#N/A,9
2019-05-11,Newspoll,51,39,37,9,4,#N/A,4,7
2019-05-11,Roy Morgan,52,38.5,35.5,10,4,#N/A,3.5,8.5
2019-05-12,Essential,51.5,38.5,36.2,9.1,6.6,#N/A,#N/A,9.6
2019-05-14,Ipsos,51,39,33,13,4,#N/A,3,8
2019-05-14,Galaxy,51,39,37,9,3,#N/A,3,9
2019-05-16,Newspoll,51.5,38,37,9,3,#N/A,5,8
2019-07-27,Newspoll,47,44,33,11,3,#N/A,#N/A,9
2019-08-17,Newspoll,49,42,34,11,4,#N/A,#N/A,9
2019-09-06,Newspoll,49,43,35,12,5,#N/A,#N/A,5
2019-09-28,Newspoll,49,42,33,13,6,#N/A,#N/A,6
2019-10-19,Newspoll,49,42,33,13,6,#N/A,#N/A,6
2019-11-09,Newspoll,50,40,35,12,7,#N/A,#N/A,6
2019-11-22,Newspoll,49,41,33,12,5,#N/A,#N/A,9
2019-12-06,Newspoll,48,42,33,11,5,#N/A,#N/A,9
2020-01-10,Newspoll,51,40,36,12,4,#N/A,#N/A,8
2020-01-31,Newspoll,52,38,35,13,4,#N/A,#N/A,10
2020-01-26,ANU,51.5,34.8,33.4,14.7,#N/A,#N/A,#N/A,10.5
2020-02-21,Newspoll,51,38,34,13,4,#N/A,#N/A,11
2020-03-13,Newspoll,51,40,36,12,4,#N/A,#N/A,8
2020-04-02,Newspoll,49,42,34,13,5,#N/A,#N/A,6
2020-04-24,Newspoll,50,41,36,12,4,#N/A,#N/A,7
2020-04-22,Roy Morgan,48.5,43.5,33,11.5,3,#N/A,#N/A,9
2020-05-15,Newspoll,49,43,35,10,3,#N/A,#N/A,9
2020-06-05,Newspoll,49,42,34,12,4,#N/A,#N/A,8
2020-06-08,Essential,48.91304348,43.47826087,35.86956522,9.782608696,4.347826087,#N/A,#N/A,6.52173913
2020-06-15,Essential,50,40.42553191,37.23404255,9.574468085,5.319148936,#N/A,#N/A,7.446808511
2020-06-17,Roy Morgan,49.5,42.5,34.5,10.5,4,#N/A,#N/A,8.5
2020-06-22,Essential,48.93617021,41.93548387,35.48387097,10.75268817,5.376344086,#N/A,#N/A,6.451612903
2020-06-25,Newspoll,49,42,35,11,3,#N/A,#N/A,9
2020-06-29,Essential,48.91304348,42.85714286,36.26373626,9.89010989,4.395604396,#N/A,#N/A,6.593406593
2020-07-13,Essential,50.54945055,40.65934066,37.36263736,10.98901099,4.395604396,#N/A,#N/A,6.593406593
2020-07-17,Newspoll,47,44,34,10,4,#N/A,#N/A,8
2020-07-15,Roy Morgan,48.5,43.5,33.5,11,2.5,#N/A,#N/A,9.5
2020-07-25,Essential,51.08695652,41.30434783,38.04347826,9.782608696,4.347826087,#N/A,#N/A,6.52173913
2020-08-07,Newspoll,48,43,33,11,4,#N/A,#N/A,9
2020-08-08,Essential,48.9,42.2,37.8,10,4.4,#N/A,#N/A,5.6
2020-08-12,Roy Morgan,46,46,32.5,11,3,#N/A,#N/A,7.5
2020-08-22,Essential,48.9,41.31313131,37.97979798,9.797979798,4.343434343,#N/A,#N/A,6.565656566
2020-08-28,Newspoll,50,41,36,11,3,#N/A,#N/A,9
2020-09-05,Essential,51.1,41.25874126,34.76523477,10.88911089,3.296703297,#N/A,#N/A,9.79020979
2020-09-18,Newspoll,49,43,34,12,3,#N/A,#N/A,8
2020-09-19,Essential,46.2,45.1,34.1,11,4.4,#N/A,#N/A,5.5
2020-10-03,Essential,49.5,41.9,36.6,9.7,5.4,#N/A,#N/A,5.4
2020-10-09,Newspoll,48,44,34,11,3,#N/A,#N/A,8
2020-10-10,Essential,48.4,44.4,36.7,10,3.3,#N/A,#N/A,5.6
2020-10-17,Essential,48.4,41.9,37.6,9.7,3.2,#N/A,#N/A,7.5
2020-11-06,Newspoll,49,43,35,11,3,#N/A,#N/A,9
2020-11-18,Roy Morgan,49.5,42,34,12,4,#N/A,#N/A,8
2020-11-27,Newspoll,49,43,36,11,2,#N/A,#N/A,8
2020-10-31,Essential,51.1,42.85714286,38.46153846,9.89010989,3.296703297,#N/A,#N/A,5.494505495
2020-11-14,Essential,51,41.30434783,38.04347826,9.782608696,4.347826087,#N/A,#N/A,6.52173913
2020-11-28,Essential,46.7,44.56521739,35.86956522,8.695652174,4.347826087,#N/A,#N/A,6.52173913
2020-12-12,Essential,50.5,40.65934066,38.46153846,8.791208791,4.395604396,#N/A,#N/A,7.692307692
2021-01-16,Essential,48.4,43.01075269,35.48387097,10.75268817,3.225806452,#N/A,#N/A,7.52688172
2021-01-29,Newspoll,50,42,36,10,3,#N/A,#N/A,9
2021-01-30,Essential,51.6,40.2173913,38.04347826,10.86956522,3.260869565,#N/A,#N/A,7.608695652
2021-02-10,Roy Morgan,50.5,40,34.5,13,3.5,#N/A,#N/A,9
2021-02-19,Newspoll,50,42,37,10,3,#N/A,#N/A,8
2021-03-12,Newspoll,52,39,39,10,3,#N/A,#N/A,9
2021-03-10,Roy Morgan,50.5,41,34.5,12.5,2.5,#N/A,#N/A,9.5
2021-03-26,Newspoll,52,40,38,11,2,#N/A,#N/A,9
2021-04-17,ResolvePM,,38,33,12,6,#N/A,#N/A,11
2021-04-23,Newspoll,51,41,38,10,3,#N/A,#N/A,8
2021-05-15,Newspoll,51,41,36,12,2,#N/A,#N/A,9
2021-05-14,ResolvePM,,39,35,12,2,#N/A,#N/A,12
2021-06-04,Newspoll,50,41,36,11,3,#N/A,#N/A,9
2021-06-02,Roy Morgan,51,40,35.5,11.5,3,#N/A,#N/A,10
2021-06-11,ResolvePM,,40,36,10,3,#N/A,#N/A,12
2021-06-16,Roy Morgan,50.5,41.5,34.5,12,3.5,#N/A,#N/A,8.5
